Date,Open,High,Low,Close,Volume
"Feb 25, 2025",76.36,76.37,73.53,74.95,"19,534,000"
"Feb 24, 2025",78.65,78.88,74.85,76.42,"24,368,400"
"Feb 21, 2025",81.26,82.1,78.36,78.89,"21,774,300"
"Feb 20, 2025",81.23,81.84,80.06,81.26,"14,770,300"
"Feb 19, 2025",80.79,81.9,79.26,81.16,"14,973,400"
"Feb 18, 2025",79.85,81.51,79.75,81.49,"18,943,200"
"Feb 14, 2025",80.35,80.35,78.87,79.42,"15,405,700"
"Feb 13, 2025",79.12,80.53,78.51,80.29,"21,754,700"
"Feb 12, 2025",74.97,80.1,74.15,79.35,"33,142,400"
"Feb 11, 2025",78.91,79.2,76.6,76.95,"27,329,600"
"Feb 10, 2025",77.1,78.99,76.8,78.63,"42,551,700"
"Feb 7, 2025",70.36,76.78,70.13,74.6,"81,813,200"
"Feb 6, 2025",65.67,70.05,65.54,69.99,"45,940,200"
"Feb 5, 2025",66.5,66.75,63.5,64.48,"78,975,900"
"Feb 4, 2025",67.69,70.19,67.69,69.75,"33,786,200"
"Feb 3, 2025",65.3,68.85,65.18,67.29,"25,290,000"
"Jan 31, 2025",67.09,67.87,66.33,66.85,"19,805,600"
"Jan 30, 2025",63.42,67.22,63.42,66.59,"33,246,500"
"Jan 29, 2025",67.8,68.06,65.82,66.75,"29,592,600"
"Jan 28, 2025",68.33,69.68,67.16,68.07,"24,988,500"
"Jan 27, 2025",67.64,69.41,67.37,68.77,"20,904,600"
"Jan 24, 2025",68.69,69.31,68.4,68.56,"14,360,300"
"Jan 23, 2025",67.6,68.37,67.24,68.3,"15,355,400"
"Jan 22, 2025",68.39,68.43,67.5,67.82,"18,130,000"
"Jan 21, 2025",68,68.18,66.85,67.74,"21,423,600"
"Jan 17, 2025",68.8,69.02,67.23,67.34,"27,139,200"
"Jan 16, 2025",67.75,69.58,67.64,68.58,"29,013,100"
"Jan 15, 2025",66.01,67.25,66.01,67.02,"22,704,800"
"Jan 14, 2025",66.16,66.81,64.62,64.84,"25,735,800"
"Jan 13, 2025",65.15,67.19,65.02,65.7,"23,960,100"
"Jan 10, 2025",64.5,66.6,63.96,65.97,"30,728,800"
"Jan 8, 2025",66.4,66.68,64.12,64.91,"24,523,300"
"Jan 7, 2025",68.49,68.84,65.95,66.15,"35,347,800"
"Jan 6, 2025",66.97,67.35,66.04,66.31,"32,980,700"
"Jan 3, 2025",63.69,65.22,63.44,64.59,"28,553,800"
"Jan 2, 2025",62.19,63.39,61.31,63.17,"25,899,100"
"Dec 31, 2024",61,61.1,60.17,60.32,"14,487,300"
"Dec 30, 2024",60.51,61.37,60.12,60.77,"17,709,200"
"Dec 27, 2024",61.19,61.26,60.02,61.13,"13,483,600"
"Dec 26, 2024",61.6,61.97,61.16,61.56,"12,659,000"
"Dec 24, 2024",61.97,61.98,60.88,61.71,"7,882,500"
"Dec 23, 2024",60.88,62.22,60.76,61.87,"16,093,600"
"Dec 20, 2024",60.08,61.39,59.75,60.73,"26,377,700"
"Dec 19, 2024",61.85,62.31,59.98,60.21,"27,811,400"
"Dec 18, 2024",61.39,63.94,60.85,61.23,"46,736,700"
"Dec 17, 2024",59.42,61.04,59.33,61.03,"35,025,500"
"Dec 16, 2024",60.31,61.3,60.12,60.25,"38,612,400"
"Dec 13, 2024",61.86,62.26,59.74,59.93,"47,325,300"
"Dec 12, 2024",63.17,63.54,61.25,61.41,"45,673,200"
"Dec 11, 2024",64.5,64.69,60.23,61.18,"71,089,500"
"Dec 10, 2024",65.67,65.76,64.64,64.96,"23,672,900"
"Dec 9, 2024",65.5,66.17,65.06,65.74,"27,602,900"
"Dec 6, 2024",66.45,67.1,65.2,66.09,"36,413,200"
"Dec 5, 2024",71.93,72.03,64.28,65.23,"77,320,400"
"Dec 4, 2024",71.4,72.4,70.65,72.16,"17,263,100"
"Dec 3, 2024",73.06,73.25,71.25,71.27,"12,760,500"
"Dec 2, 2024",71.93,73.44,71.47,73.07,"11,574,600"
"Nov 29, 2024",71.7,72.44,71.52,71.96,"7,348,700"
"Nov 27, 2024",72.06,72.7,71.01,71.62,"12,967,800"
"Nov 26, 2024",73.49,73.5,71.34,71.56,"13,704,900"
"Nov 25, 2024",72.6,73.55,71.83,73.42,"17,446,600"
"Nov 22, 2024",70,71.54,69.35,71.51,"14,874,100"
"Nov 21, 2024",70.25,70.87,68.8,69.64,"25,657,700"
"Nov 20, 2024",69.29,70.33,68.95,69.6,"16,656,600"
"Nov 19, 2024",68.51,69.6,68.2,69.13,"22,289,100"
"Nov 18, 2024",72.04,72.04,67.8,69.33,"45,238,300"
"Nov 15, 2024",72.1,73.63,71.76,73.25,"23,980,900"
"Nov 14, 2024",71.16,72.75,70.76,71.44,"17,372,200"
"Nov 13, 2024",71.53,72.08,70.55,71.16,"15,006,000"
"Nov 12, 2024",71.97,72.68,71.2,71.37,"19,439,700"
"Nov 11, 2024",72.65,73,71.34,71.65,"22,682,200"
"Nov 8, 2024",73.44,73.56,71.56,72.04,"20,152,600"
"Nov 7, 2024",76.1,76.4,72.74,73.13,"24,305,900"
"Nov 6, 2024",73.46,74.62,70.74,74.36,"26,410,700"
"Nov 5, 2024",73.55,74.34,73.24,74.15,"12,274,600"
"Nov 4, 2024",72.75,74.22,72.66,73.25,"14,949,100"
"Nov 1, 2024",73.94,74.15,72.25,73.25,"33,542,200"
"Oct 31, 2024",74.5,74.99,69.87,72.05,"64,047,100"
"Oct 30, 2024",79.23,80.07,78.82,79.43,"14,997,700"
"Oct 29, 2024",77.85,79.99,77.77,79.21,"14,469,600"
"Oct 28, 2024",78.2,78.38,77.47,77.69,"9,311,900"
"Oct 25, 2024",78.26,78.84,76.96,77.62,"11,727,400"
"Oct 24, 2024",78,78.6,77.14,78.38,"15,220,900"
"Oct 23, 2024",80.06,80.32,79.36,79.83,"8,689,900"
"Oct 22, 2024",80.47,81.25,79.98,80.41,"10,754,000"
"Oct 21, 2024",79.94,80.57,79.55,80.46,"11,238,700"
"Oct 18, 2024",80.53,80.55,78.8,79.16,"14,186,700"
"Oct 17, 2024",79.92,80.88,79.41,79.9,"27,373,200"
"Oct 16, 2024",82.93,83.48,81.62,81.9,"12,398,500"
"Oct 15, 2024",84.77,84.77,82.65,83.2,"14,858,500"
"Oct 14, 2024",85.64,86.18,84.18,84.94,"14,752,400"
"Oct 11, 2024",82,87,81.86,86.34,"57,290,500"
"Oct 10, 2024",77.65,78.24,76.9,77.92,"15,033,600"
"Oct 9, 2024",76,77.96,75.96,77.87,"17,251,100"
"Oct 8, 2024",75.25,77.02,75.06,76.17,"17,800,300"
"Oct 7, 2024",74.25,75.74,73.73,74.59,"15,328,800"
"Oct 4, 2024",74.11,74.32,73.22,74.28,"10,750,300"
"Oct 3, 2024",72.56,73.21,71.9,72.94,"11,096,300"
"Oct 2, 2024",74.09,74.31,72.79,72.87,"11,323,400"
"Oct 1, 2024",75.77,75.77,73.84,74.24,"8,980,500"
"Sep 30, 2024",75.32,75.72,74.25,75.16,"12,991,100"
"Sep 27, 2024",77.03,77.08,75.7,75.75,"7,580,100"
"Sep 26, 2024",78.36,78.45,75.13,76.69,"14,788,600"
"Sep 25, 2024",77.51,78.28,77.08,77.14,"12,552,600"
"Sep 24, 2024",76,77.51,75.97,77.44,"16,099,200"
"Sep 23, 2024",75.11,75.27,73.78,74.71,"8,285,300"
"Sep 20, 2024",74.82,75.05,73.45,73.94,"17,472,700"
"Sep 19, 2024",74.98,76.46,74.56,75.28,"17,698,400"
"Sep 18, 2024",72.77,74.74,72.19,73.5,"11,720,900"
"Sep 17, 2024",71.97,73.73,71.31,72.78,"14,639,800"
"Sep 16, 2024",72.36,72.5,71.04,71.52,"12,016,700"
"Sep 13, 2024",72.4,72.75,70.94,72.48,"30,376,500"
"Sep 12, 2024",70.06,70.49,67.85,68.09,"16,381,700"
"Sep 11, 2024",68.83,70.22,67.12,70.11,"14,671,900"
"Sep 10, 2024",70,70.46,67.64,68.99,"20,227,200"
"Sep 9, 2024",70.95,71.19,69.63,69.8,"8,804,600"
"Sep 6, 2024",71.13,72.02,68.73,69.58,"11,449,800"
"Sep 5, 2024",71.08,72.62,70.92,71.25,"8,890,900"
"Sep 4, 2024",71.52,72.69,71.3,71.56,"7,995,800"
"Sep 3, 2024",72.57,73.61,71.21,71.89,"13,053,300"
"Aug 30, 2024",72.89,73.42,72.06,73.13,"12,676,900"
"Aug 29, 2024",72.5,73.28,72.13,72.24,"9,300,800"
"Aug 28, 2024",72.5,72.55,71.02,71.85,"9,529,400"
"Aug 27, 2024",72.49,73.09,71.8,72.56,"7,294,100"
"Aug 26, 2024",74.3,74.3,72.11,72.61,"10,999,900"
"Aug 23, 2024",72.85,74.46,72.35,74.3,"13,065,600"
"Aug 22, 2024",73.55,74.12,72.67,73.31,"9,571,900"
"Aug 21, 2024",73.72,74.29,73.06,73.48,"9,290,200"
"Aug 20, 2024",74.27,74.48,73.28,73.31,"10,246,500"
"Aug 19, 2024",72,74.22,71.79,74.18,"13,821,300"
"Aug 16, 2024",72.5,73.35,71.75,72.04,"11,548,300"
"Aug 15, 2024",72.51,73.42,72.29,72.73,"13,711,300"
"Aug 14, 2024",71.6,72,70.61,71.93,"12,337,000"
"Aug 13, 2024",69.77,71.19,69.38,71.06,"15,472,500"
"Aug 12, 2024",68.61,69.31,68.02,69.26,"10,826,100"
"Aug 9, 2024",69.14,69.38,67.75,68.54,"12,770,300"
"Aug 8, 2024",66.53,69.17,65.95,69.01,"21,779,100"
"Aug 7, 2024",65.56,68.4,65.49,65.54,"31,493,600"
"Aug 6, 2024",62.55,65.82,60.5,64.87,"53,336,900"
"Aug 5, 2024",55.53,58.65,54.84,58.48,"32,063,700"
"Aug 2, 2024",59.38,59.58,56.86,58.99,"27,654,600"
"Aug 1, 2024",64.86,65,60.76,61.02,"18,967,900"
"Jul 31, 2024",63.88,65.18,63.66,64.47,"18,209,700"
"Jul 30, 2024",64.15,64.77,62.61,63.09,"16,506,200"
"Jul 29, 2024",64.83,65.25,63.72,63.76,"16,907,000"
"Jul 26, 2024",66.1,66.26,64.18,64.4,"17,379,400"
"Jul 25, 2024",66,69.37,64.4,65.74,"22,596,900"
"Jul 24, 2024",67.27,67.79,65.78,66.14,"15,187,100"
"Jul 23, 2024",68.05,69.1,67.28,67.52,"9,539,800"
"Jul 22, 2024",67.53,68.78,67.08,67.73,"13,408,000"
"Jul 19, 2024",66.78,67.44,66.1,67.31,"12,809,600"
"Jul 18, 2024",69,69.34,65.81,66.26,"21,988,900"
"Jul 17, 2024",73.38,73.41,68.56,68.62,"27,884,400"
"Jul 16, 2024",73.11,75.4,73.11,74.3,"17,529,000"
"Jul 15, 2024",73.06,73.25,70.76,72.29,"13,472,600"
"Jul 12, 2024",72.11,73.8,72.11,72.43,"14,683,700"
"Jul 11, 2024",69.51,73.64,68.85,73.53,"26,702,500"
"Jul 10, 2024",71.5,71.5,68.38,69.27,"14,638,800"
"Jul 9, 2024",71.4,72.28,71.13,71.32,"8,757,900"
"Jul 8, 2024",71.31,71.78,70.75,71.25,"7,231,100"
"Jul 5, 2024",70.99,71.42,70.39,71.06,"6,599,200"
"Jul 3, 2024",70.66,72.14,70.5,71.3,"7,869,800"
"Jul 2, 2024",71.25,71.26,68.88,70.67,"14,319,000"
"Jul 1, 2024",72.2,72.58,69.4,71.1,"13,438,700"
"Jun 28, 2024",70.81,73.26,70.77,72.68,"21,375,900"
"Jun 27, 2024",70.98,71.32,70.07,70.34,"9,650,500"
"Jun 26, 2024",70.94,71.6,70.55,70.85,"10,232,600"
"Jun 25, 2024",71.86,72.94,70.22,71.38,"18,911,600"
"Jun 24, 2024",69.83,71.23,69.75,70.54,"12,479,300"
"Jun 21, 2024",70.04,70.25,69.23,70.21,"20,913,300"
"Jun 20, 2024",70.51,71.12,69.73,70.3,"10,662,400"
"Jun 18, 2024",70.6,71.21,69.89,70.33,"9,511,600"
"Jun 17, 2024",69.91,70.83,69.83,70.49,"14,760,500"
"Jun 14, 2024",70.91,71,69.32,70.06,"11,601,100"
"Jun 13, 2024",73.16,73.16,70.24,70.86,"17,109,400"
"Jun 12, 2024",71.31,73.6,71,73.15,"24,435,500"
"Jun 11, 2024",68.6,69.6,67.76,69.59,"12,741,200"
"Jun 10, 2024",69.28,69.69,66.56,68.6,"19,168,900"
"Jun 7, 2024",68.9,69.71,68.11,69.31,"13,932,600"
"Jun 6, 2024",67.45,69.69,67.33,68.9,"25,871,500"
"Jun 5, 2024",64.94,66.28,64.21,65.82,"19,513,500"
"Jun 4, 2024",64.06,65.19,63.7,64.55,"12,689,200"
"Jun 3, 2024",64.78,64.96,62.94,63.79,"14,922,200"
"May 31, 2024",64.2,64.63,63.14,64.56,"17,322,400"
"May 30, 2024",64.79,65.41,63.72,64.12,"12,692,500"
"May 29, 2024",63.01,65.36,62.91,64.93,"16,987,900"
"May 28, 2024",64.61,64.61,63.1,63.52,"14,213,300"
"May 24, 2024",63.78,64.76,63.62,64.26,"10,380,500"
"May 23, 2024",65.56,65.8,63.25,63.6,"20,115,000"
"May 22, 2024",64.82,66.09,64.52,65.48,"22,562,100"
"May 21, 2024",64.13,64.65,63.81,63.97,"16,592,500"
"May 20, 2024",65.64,65.87,64.31,64.65,"15,864,400"
"May 17, 2024",66.5,66.64,65.52,65.67,"15,703,300"
"May 16, 2024",66.97,67.33,66,66.05,"19,923,500"
"May 15, 2024",66,66.66,65.22,66.62,"16,308,700"
"May 14, 2024",65.85,66.1,64.75,65.32,"19,462,300"
"May 13, 2024",67,67.06,64.72,66.02,"18,983,100"
"May 10, 2024",67.82,67.9,66.4,66.99,"18,924,400"
"May 9, 2024",66.81,68.57,66.75,67.93,"27,965,500"
"May 8, 2024",64.5,67.2,63.83,66.4,"84,220,000"
"May 7, 2024",72.64,72.64,69.8,70.43,"24,427,300"
"May 6, 2024",71,73.82,70.83,71.51,"25,001,900"
"May 3, 2024",69.85,70.34,69.03,69.23,"15,557,700"
"May 2, 2024",68.4,69.04,67.63,68.57,"18,229,300"
"May 1, 2024",66.04,69.41,65.86,67.79,"21,266,700"
"Apr 30, 2024",67.22,68.6,66.07,66.27,"22,707,300"
"Apr 29, 2024",68.5,68.66,67.2,67.4,"20,102,600"
"Apr 26, 2024",69.97,70.15,68.7,69.05,"16,187,600"
"Apr 25, 2024",67.86,70.29,67.38,69.31,"20,545,200"
"Apr 24, 2024",70.15,70.22,67.36,69.36,"27,515,600"
"Apr 23, 2024",70.02,71.14,69.62,70.8,"16,814,200"
"Apr 22, 2024",70.48,70.89,68.48,68.98,"26,804,900"
"Apr 19, 2024",71.15,71.15,68.38,69.2,"23,087,600"
"Apr 18, 2024",72.26,72.86,70.64,71.3,"20,426,000"
"Apr 17, 2024",75,75.61,71.04,71.94,"15,363,100"
"Apr 16, 2024",73.39,74.7,72.7,74.13,"14,513,100"
"Apr 15, 2024",76.38,76.68,72.88,73.4,"16,093,400"
"Apr 12, 2024",75.05,75.82,74.49,75.28,"11,582,600"
"Apr 11, 2024",74.8,76.56,74.71,76.18,"13,653,600"
"Apr 10, 2024",74.4,75.31,73.54,74.35,"12,533,900"
"Apr 9, 2024",74.77,75.5,73.33,75.14,"13,766,800"
"Apr 8, 2024",76.7,76.86,73.95,75.03,"22,867,600"
"Apr 5, 2024",75.34,78.39,74.92,77.16,"21,541,300"
"Apr 4, 2024",77.24,77.67,74.48,74.92,"17,191,300"
"Apr 3, 2024",76.84,78.85,76.54,76.81,"19,883,100"
"Apr 2, 2024",75.66,77.33,74.97,76.98,"15,838,800"
"Apr 1, 2024",77,77.78,76,76.4,"12,201,800"
"Mar 28, 2024",77.9,78.05,76.89,76.99,"13,421,900"
"Mar 27, 2024",78.96,79,76.85,78.11,"13,157,000"
"Mar 26, 2024",79.8,80.18,77.78,77.91,"12,438,300"
"Mar 25, 2024",79.99,81.04,79.39,79.41,"10,254,300"
"Mar 22, 2024",79.8,80.45,79.2,80.23,"8,863,500"
"Mar 21, 2024",79.6,81.23,79.09,80.25,"16,191,100"
"Mar 20, 2024",77.09,78.95,76.75,78.64,"11,490,400"
"Mar 19, 2024",75.38,77.18,74.19,77.08,"13,035,200"
"Mar 18, 2024",77,77,73.66,75.7,"18,936,700"
"Mar 15, 2024",77,77.84,75.77,76.07,"24,552,000"
"Mar 14, 2024",78.34,78.48,76.9,77.65,"12,737,200"
"Mar 13, 2024",78,79.69,77.93,78.25,"12,065,100"
"Mar 12, 2024",78.01,78.48,77.48,78.32,"11,303,800"
"Mar 11, 2024",78.7,78.89,76.53,77.47,"13,781,400"
"Mar 8, 2024",79.94,81.98,78.21,78.7,"16,409,100"
"Mar 7, 2024",79.4,80.07,78.26,79.41,"13,873,300"
"Mar 6, 2024",80.17,80.99,78.53,78.64,"13,734,700"
"Mar 5, 2024",80.83,80.85,77.43,79.09,"19,761,600"
"Mar 4, 2024",81.94,82.14,80.79,81.3,"15,989,200"
"Mar 1, 2024",79.5,81.47,79.32,81.03,"18,520,800"
"Feb 29, 2024",78.35,79.68,77.93,79.5,"19,405,500"
"Feb 28, 2024",78.6,78.66,77.42,77.73,"11,853,100"
"Feb 27, 2024",78.64,79.75,77.81,78.75,"13,707,300"
"Feb 26, 2024",78.28,78.5,77.3,78.36,"16,617,300"
"Feb 23, 2024",78.5,78.97,77.72,78.2,"15,648,800"
"Feb 22, 2024",79.59,79.72,77.51,78.03,"16,766,400"
"Feb 21, 2024",76.32,77.49,75.88,76.44,"15,102,100"
"Feb 20, 2024",78.23,78.42,75.82,76.6,"24,203,100"
"Feb 16, 2024",80.55,80.88,78.11,78.41,"24,442,600"
"Feb 15, 2024",79,81.86,78.28,81.39,"40,330,200"
"Feb 14, 2024",74.6,79.2,74.31,79.15,"69,846,700"
"Feb 13, 2024",67.89,69.55,66.71,68.99,"22,857,100"
"Feb 12, 2024",71,71.38,68.74,69.12,"19,554,900"
"Feb 9, 2024",71.43,72.04,69.69,70.91,"20,858,700"
"Feb 8, 2024",71.93,73.05,71.19,71.61,"21,618,200"
"Feb 7, 2024",67.6,71.9,67.24,70.65,"43,367,000"
"Feb 6, 2024",69.06,70.68,68.44,70.47,"34,464,000"
"Feb 5, 2024",68.24,69.99,67.86,68.99,"26,079,500"
"Feb 2, 2024",66.98,68.25,66.51,68.07,"18,642,700"
"Feb 1, 2024",66.12,66.85,65.59,66.73,"12,504,200"
"Jan 31, 2024",65.7,66.25,64.85,65.27,"17,026,400"
"Jan 30, 2024",66.9,67.69,66.22,66.84,"17,562,100"
"Jan 29, 2024",65.6,67.1,65.56,66.98,"15,902,000"
"Jan 26, 2024",65.65,66.04,65.29,65.52,"13,099,600"
"Jan 25, 2024",64.28,66.03,63.71,66,"21,963,000"
"Jan 24, 2024",64,64.4,63.22,63.76,"17,238,100"
"Jan 23, 2024",64.5,64.81,63.69,64.32,"13,619,600"
"Jan 22, 2024",65.44,65.61,64.15,64.55,"17,851,700"
"Jan 19, 2024",64.9,65.39,64.41,65.11,"20,332,900"
"Jan 18, 2024",64,65,63.38,64.88,"24,149,900"
"Jan 17, 2024",62.95,63.42,61.68,63.12,"19,971,600"
"Jan 16, 2024",63,64,62.92,63.65,"19,511,800"
"Jan 12, 2024",63.2,64.92,63,63.2,"26,367,100"
"Jan 11, 2024",62.99,63.61,61.86,63.47,"28,888,900"
"Jan 10, 2024",60.28,62.61,60.28,62.41,"30,788,900"
"Jan 9, 2024",58.5,60.54,58.45,60.3,"22,319,900"
"Jan 8, 2024",58.09,59.16,57.85,59.01,"21,213,000"
"Jan 5, 2024",58.11,58.51,57.22,57.58,"17,875,200"
"Jan 4, 2024",58.25,58.99,57.73,57.8,"20,370,700"
"Jan 3, 2024",57.48,58.9,57.33,58.25,"31,800,600"
"Jan 2, 2024",60.73,60.91,57.93,58.38,"41,978,600"
"Dec 29, 2023",62.36,63.14,61.3,61.57,"21,602,500"
"Dec 28, 2023",63.45,63.53,62.83,63.14,"13,795,600"
"Dec 27, 2023",62,63.43,62,63.28,"20,806,000"
"Dec 26, 2023",61.71,62.2,61.31,61.98,"16,077,200"
"Dec 22, 2023",61.7,62.24,61.28,61.71,"14,709,400"
"Dec 21, 2023",61.24,61.76,60.83,61.46,"19,999,600"
"Dec 20, 2023",61.49,62.28,60.62,60.68,"28,286,100"
"Dec 19, 2023",61.88,62.7,61.69,62.12,"26,813,800"
"Dec 18, 2023",62.01,62.49,61.33,61.73,"28,614,000"
"Dec 15, 2023",62.16,63.53,61.41,61.86,"364,231,800"
"Dec 14, 2023",62.01,62.81,60.61,62.5,"44,818,100"
"Dec 13, 2023",62.71,62.88,61.45,61.97,"41,661,700"
"Dec 12, 2023",62.06,63.03,61.83,62.72,"27,144,300"
"Dec 11, 2023",61.53,62.99,60.94,62.46,"30,389,700"
"Dec 8, 2023",60.51,62.25,60.51,61.7,"28,844,800"
"Dec 7, 2023",59.67,60.99,59.53,60.98,"34,410,200"
"Dec 6, 2023",58.37,59.98,58.36,59.75,"33,835,000"
"Dec 5, 2023",58.01,58.66,57.7,57.97,"39,170,600"
"Dec 4, 2023",60.01,60.92,58.57,58.63,"85,417,300"
"Dec 1, 2023",56.67,57.87,56.25,57.35,"28,162,400"
"Nov 30, 2023",56.61,56.77,55.53,56.38,"32,769,800"
"Nov 29, 2023",56.49,57.13,56.15,56.4,"23,496,200"
"Nov 28, 2023",55.98,56.45,55.69,56.21,"20,457,500"
"Nov 27, 2023",55.47,56.46,55.29,56.06,"19,101,900"
"Nov 24, 2023",55.15,55.94,55.07,55.32,"10,696,800"
"Nov 22, 2023",55.1,55.82,54.96,55.37,"18,459,700"
"Nov 21, 2023",54.23,55.08,53.89,54.85,"34,115,500"
"Nov 20, 2023",53.83,55.35,53.76,54.75,"28,511,600"
"Nov 17, 2023",54.13,54.51,54.01,54.44,"16,119,500"
"Nov 16, 2023",53.5,54.51,53.15,54.42,"20,810,800"
"Nov 15, 2023",53.92,54.26,53.16,53.76,"22,419,700"
"Nov 14, 2023",52.9,54.31,52.39,53.88,"30,621,900"
"Nov 13, 2023",51.17,52.42,50.72,52.24,"21,026,900"
"Nov 10, 2023",50.01,52.1,49.9,51.58,"27,228,600"
"Nov 9, 2023",49.3,50.68,49.02,50.05,"29,962,300"
"Nov 8, 2023",50.04,50.3,48.9,49.5,"37,726,700"
"Nov 7, 2023",47,50.04,46.68,49.92,"81,365,400"
"Nov 6, 2023",47.94,48.3,47.43,48.14,"27,843,100"
"Nov 3, 2023",46.92,48.15,46.63,47.75,"21,946,800"
"Nov 2, 2023",45.35,46.86,45.25,46.48,"25,816,900"
"Nov 1, 2023",43.25,44,42.91,43.83,"18,989,300"
"Oct 31, 2023",42.82,43.53,42.2,43.28,"18,414,000"
"Oct 30, 2023",42.01,43,42.01,42.73,"21,292,700"
"Oct 27, 2023",41.21,42.15,40.8,41.23,"17,098,600"
"Oct 26, 2023",42.14,42.3,40.09,40.62,"23,465,500"
"Oct 25, 2023",43.3,43.49,42.06,42.35,"16,495,900"
"Oct 24, 2023",43.5,44.33,43.38,44.19,"17,566,500"
"Oct 23, 2023",42.53,43.97,42.25,43.04,"11,277,100"
"Oct 20, 2023",42.72,43.35,42.26,42.96,"13,941,300"
"Oct 19, 2023",43.02,43.27,42.19,42.72,"16,090,000"
"Oct 18, 2023",43.9,44.2,42.91,43,"15,388,000"
"Oct 17, 2023",44.41,45.26,44.05,44.38,"17,337,800"
"Oct 16, 2023",43.76,45,43.47,44.71,"20,447,100"
"Oct 13, 2023",45.82,46.29,42.7,43.48,"28,195,100"
"Oct 12, 2023",46.54,47.04,45.6,45.95,"15,983,600"
"Oct 11, 2023",46.9,47.21,46.26,46.64,"12,985,500"
"Oct 10, 2023",45.75,47.28,45.55,46.63,"14,538,600"
"Oct 9, 2023",45.15,45.6,44.58,45.45,"11,422,300"
"Oct 6, 2023",44.06,45.94,44.06,45.78,"14,754,800"
"Oct 5, 2023",44.84,44.93,43.65,44.61,"14,518,800"
"Oct 4, 2023",44.79,45.49,44.18,44.94,"12,476,100"
"Oct 3, 2023",45.36,45.6,44.33,44.51,"11,033,400"
"Oct 2, 2023",45.57,46.29,45.1,45.68,"14,976,700"
"Sep 29, 2023",46.75,46.92,45.85,45.99,"14,237,200"
"Sep 28, 2023",44.92,46.58,44.92,46.14,"22,199,200"
"Sep 27, 2023",44.51,45.47,44.44,45.14,"16,835,100"
"Sep 26, 2023",44.5,45.39,44.04,44.27,"11,283,600"
"Sep 25, 2023",44.14,45.11,44.11,44.91,"9,175,400"
"Sep 22, 2023",45.16,45.35,44.03,44.41,"16,158,700"
"Sep 21, 2023",45.79,45.79,43.93,44.6,"27,865,700"
"Sep 20, 2023",46.87,47.54,46.4,46.55,"22,582,000"
"Sep 19, 2023",46.4,47.76,46.21,47.59,"19,180,200"
"Sep 18, 2023",47.3,47.35,46.48,46.51,"15,025,500"
"Sep 15, 2023",48.19,48.49,47.27,47.52,"16,125,700"
"Sep 14, 2023",48.63,48.69,47.81,48.32,"13,068,200"
"Sep 13, 2023",47.51,48.36,47.28,48.16,"12,691,800"
"Sep 12, 2023",48.34,49.19,47.9,47.92,"18,809,000"
"Sep 11, 2023",47.74,48.97,47.65,48.94,"19,007,300"
"Sep 8, 2023",46.34,47.25,46.27,47.24,"15,956,900"
"Sep 7, 2023",45.5,46.68,45.25,46.27,"14,972,200"
"Sep 6, 2023",46.34,46.85,45.61,45.9,"14,262,700"
"Sep 5, 2023",46.87,47.14,46.3,46.55,"16,461,700"
"Sep 1, 2023",47.51,47.7,46.83,47.04,"14,607,000"
"Aug 31, 2023",46.69,47.57,46.52,47.23,"19,263,800"
"Aug 30, 2023",45.35,46.75,45.3,46.51,"19,869,400"
"Aug 29, 2023",44.21,45.58,44.12,45.35,"11,335,400"
"Aug 28, 2023",44.11,44.52,43.71,44.15,"10,424,100"
"Aug 25, 2023",44.71,44.84,43.08,43.96,"19,132,500"
"Aug 24, 2023",45.24,45.72,44.64,44.68,"18,129,600"
"Aug 23, 2023",44,45.62,44,45.14,"14,625,800"
"Aug 22, 2023",44.94,45.18,44.02,44.35,"13,599,800"
"Aug 21, 2023",44.98,45.3,44.01,44.63,"15,362,100"
"Aug 18, 2023",43.27,44.84,43.19,44.69,"17,132,100"
"Aug 17, 2023",44.18,44.86,43.91,43.97,"21,326,600"
"Aug 16, 2023",43.98,44.33,43.4,43.65,"14,980,800"
"Aug 15, 2023",44.7,44.88,44.01,44.08,"13,404,700"
"Aug 14, 2023",43.5,44.88,42.95,44.85,"15,828,800"
"Aug 11, 2023",44,44.3,43.31,43.71,"16,172,800"
"Aug 10, 2023",44.13,45.18,44.09,44.6,"16,908,200"
"Aug 9, 2023",45.25,45.46,43.84,44.11,"20,113,000"
"Aug 8, 2023",44.5,45.24,44.08,45.16,"14,742,200"
"Aug 7, 2023",45.01,45.53,44.38,44.95,"22,122,500"
"Aug 4, 2023",46,46.38,45.02,45.2,"25,639,600"
"Aug 3, 2023",46.22,47.85,45.79,45.91,"25,248,800"
"Aug 2, 2023",46.06,47.71,45.67,46.96,"36,303,800"
"Aug 1, 2023",48.67,49.03,46.01,46.65,"82,097,500"
"Jul 31, 2023",48.85,49.49,48.15,49.46,"38,736,800"
"Jul 28, 2023",47.14,48.43,46.71,48.14,"17,154,600"
"Jul 27, 2023",48,48.09,46.35,46.61,"17,992,000"
"Jul 26, 2023",47.05,47.56,46.62,47.31,"16,666,200"
"Jul 25, 2023",47.2,47.73,46.93,47.17,"14,188,200"
"Jul 24, 2023",47.06,47.55,46.84,47.32,"16,669,800"
"Jul 21, 2023",46.55,47.34,46.28,47.23,"20,176,900"
"Jul 20, 2023",46.07,47.5,45.86,46.57,"23,085,300"
"Jul 19, 2023",47.1,47.9,46.55,47.12,"21,990,900"
"Jul 18, 2023",45.34,47.75,45.34,47.41,"42,620,200"
"Jul 17, 2023",44.68,45.65,44.5,45.51,"21,937,900"
"Jul 14, 2023",45.9,46.4,44.56,44.75,"22,024,000"
"Jul 13, 2023",45.21,45.94,44.62,45.64,"21,193,200"
"Jul 12, 2023",45,45.22,43.97,44.52,"21,830,100"
"Jul 11, 2023",42.1,44.67,41.75,44.36,"32,165,000"
"Jul 10, 2023",42.58,43.2,42.44,42.78,"15,821,800"
"Jul 7, 2023",42.07,43.12,41.94,42.91,"14,931,300"
"Jul 6, 2023",42.99,43,41.87,42.11,"17,983,600"
"Jul 5, 2023",42.89,43.88,42.89,43.66,"15,730,400"
"Jul 3, 2023",43.17,43.4,42.58,43.09,"7,578,100"
"Jun 30, 2023",43.11,43.43,42.92,43.17,"17,412,300"
"Jun 29, 2023",44.09,44.28,42.11,42.58,"28,595,300"
"Jun 28, 2023",43.5,45.24,43.32,44.24,"28,187,400"
"Jun 27, 2023",44.69,44.83,43.75,43.83,"29,652,100"
"Jun 26, 2023",43.75,45.04,43.68,44.42,"33,693,000"
"Jun 23, 2023",42.59,43.76,42.33,43.34,"23,153,100"
"Jun 22, 2023",42.3,43.87,42.21,42.81,"19,542,100"
"Jun 21, 2023",42.5,43.22,41.77,42.66,"21,916,500"
"Jun 20, 2023",42.77,43.47,42.02,42.17,"19,931,300"
"Jun 16, 2023",43.07,43.67,42.53,43.52,"27,981,000"
"Jun 15, 2023",41.02,43.75,40.94,43.36,"41,477,800"
"Jun 14, 2023",41.3,41.59,40.57,41.27,"15,077,600"
"Jun 13, 2023",41.75,41.83,40.89,41.41,"16,659,600"
"Jun 12, 2023",41.26,41.74,41.06,41.74,"15,987,700"
"Jun 9, 2023",40.05,41,40.02,40.99,"21,932,700"
"Jun 8, 2023",39.18,40.63,39.04,40.26,"20,301,800"
"Jun 7, 2023",40.24,40.25,38.61,38.99,"23,653,900"
"Jun 6, 2023",40.25,40.73,39.93,40.25,"14,570,100"
"Jun 5, 2023",39.5,40.79,39.5,40.42,"24,218,600"
"Jun 2, 2023",39,39.89,39,39.73,"21,212,000"
"Jun 1, 2023",37.5,38.5,37.26,38.48,"17,115,300"
"May 31, 2023",37.25,38.05,37.07,37.93,"34,506,300"
"May 30, 2023",38.73,39.06,37.56,37.56,"18,143,200"
"May 26, 2023",38.24,38.76,38.22,38.45,"14,427,900"
"May 25, 2023",38.48,38.58,37.53,37.95,"18,634,200"
"May 24, 2023",38.05,38.66,37.77,37.96,"22,074,700"
"May 23, 2023",38.99,39.65,38.51,38.66,"18,679,400"
"May 22, 2023",39.13,40.5,39.08,39.17,"27,581,600"
"May 19, 2023",39.25,39.49,38.92,39.18,"19,750,800"
"May 18, 2023",37.98,39.49,37.76,39.25,"27,828,100"
"May 17, 2023",37.73,37.96,37.36,37.84,"19,534,400"
"May 16, 2023",37.93,38.15,37.44,37.44,"21,829,100"
"May 15, 2023",38.34,38.48,37.99,38.14,"17,826,600"
"May 12, 2023",38.64,39.23,38.2,38.45,"21,614,700"
"May 11, 2023",38.64,39.18,38.34,38.42,"16,515,600"
"May 10, 2023",38.6,38.95,38.17,38.79,"19,531,500"
"May 9, 2023",38.49,38.58,37.9,38.19,"19,387,000"
"May 8, 2023",37.82,38.93,37.48,38.83,"30,992,100"
"May 5, 2023",37.48,37.95,36.87,37.75,"24,676,200"
"May 4, 2023",37.48,37.8,36.69,37.49,"44,819,400"
"May 3, 2023",36.75,38.35,36.35,37.84,"68,580,800"
"May 2, 2023",35.02,36.63,34.23,36.52,"102,993,500"
"May 1, 2023",32,33,31.76,32.74,"49,867,100"
"Apr 28, 2023",29.62,31.27,29.42,31.05,"28,516,100"
"Apr 27, 2023",30.07,30.17,29.22,29.7,"27,293,700"
"Apr 26, 2023",29.7,30.12,29.47,29.68,"14,277,100"
"Apr 25, 2023",30.34,30.47,29.55,29.59,"20,399,200"
"Apr 24, 2023",30.68,31.06,30.23,30.68,"14,596,200"
"Apr 21, 2023",31.36,31.46,29.71,30.83,"40,543,100"
"Apr 20, 2023",31.52,32.04,31.4,31.5,"12,747,100"
"Apr 19, 2023",31.35,32.37,31.16,32.04,"13,822,000"
"Apr 18, 2023",32.37,32.93,31.61,31.73,"18,698,600"
"Apr 17, 2023",32.19,32.19,31.63,32.08,"25,206,200"
"Apr 14, 2023",31.31,31.62,30.93,31.48,"11,851,900"
"Apr 13, 2023",30.83,31.59,30.69,31.44,"15,079,600"
"Apr 12, 2023",31.19,31.45,30.4,30.59,"15,964,900"
"Apr 11, 2023",31.75,31.8,30.88,31.12,"16,906,500"
"Apr 10, 2023",30.96,31.78,30.61,31.74,"16,463,100"
"Apr 6, 2023",30.93,31.49,30.5,31.18,"14,486,900"
"Apr 5, 2023",30.95,31.24,30.47,31.12,"17,243,300"
"Apr 4, 2023",31.94,32.13,31.28,31.39,"15,146,900"
"Apr 3, 2023",31.5,31.75,31.17,31.46,"23,529,100"
"Mar 31, 2023",31.42,31.84,31.21,31.7,"14,824,600"
"Mar 30, 2023",31.5,31.85,30.88,31.19,"16,261,300"
"Mar 29, 2023",30.62,30.9,30.2,30.87,"18,917,500"
"Mar 28, 2023",30.53,30.86,29.98,30.07,"23,087,300"
"Mar 27, 2023",31.03,31.04,30.14,30.62,"17,918,000"
"Mar 24, 2023",30.94,31.15,30.29,30.75,"14,775,300"
"Mar 23, 2023",31.88,32.2,30.75,31.18,"16,806,900"
"Mar 22, 2023",32.58,32.72,31.5,31.52,"24,636,400"
"Mar 21, 2023",32.33,33.14,32.23,32.86,"19,780,200"
"Mar 20, 2023",31.6,32.36,31.46,31.93,"14,157,800"
"Mar 17, 2023",32.38,32.47,31.51,31.78,"27,102,500"
"Mar 16, 2023",31.59,32.9,31.55,32.73,"20,044,700"
"Mar 15, 2023",31.83,32.24,31.39,31.97,"28,434,900"
"Mar 14, 2023",32.94,33.42,32.16,32.36,"34,241,800"
"Mar 13, 2023",30.58,31.08,29.97,30.82,"24,302,600"
"Mar 10, 2023",32,32.03,30.77,31.11,"32,553,600"
"Mar 9, 2023",34.41,34.52,32.28,32.32,"27,629,700"
"Mar 8, 2023",34.01,34.63,33.52,34.01,"16,174,300"
"Mar 7, 2023",33.85,35,33.6,34.14,"25,538,400"
"Mar 6, 2023",34.58,35.11,33.85,33.88,"18,903,000"
"Mar 3, 2023",34,34.59,33.8,34.57,"14,990,400"
"Mar 2, 2023",32.54,33.8,32.23,33.69,"17,967,400"
"Mar 1, 2023",33.43,33.58,32.89,32.99,"14,404,700"
"Feb 28, 2023",33.75,34,33.17,33.26,"17,144,000"
"Feb 27, 2023",33.67,33.85,33.06,33.55,"19,079,100"
"Feb 24, 2023",33.7,33.92,33.02,33.4,"19,101,000"
"Feb 23, 2023",34.79,34.8,33.7,34.47,"23,661,700"
"Feb 22, 2023",34.35,35.17,34.22,34.54,"23,294,000"
"Feb 21, 2023",33.78,34.39,33.49,34.2,"24,696,800"
"Feb 17, 2023",35.96,36.23,34.57,34.77,"27,946,700"
"Feb 16, 2023",35.6,36.73,35.45,36.22,"28,202,700"
"Feb 15, 2023",35.01,36.24,34.72,36.23,"31,443,800"
"Feb 14, 2023",33.11,35.36,32.72,35.23,"38,856,500"
"Feb 13, 2023",34.5,34.52,33.35,33.44,"35,043,700"
"Feb 10, 2023",34.4,35.4,34.05,34.3,"41,936,400"
"Feb 9, 2023",36.89,37.36,35.65,35.89,"44,068,500"
"Feb 8, 2023",37.43,37.58,34.5,36.83,"109,597,800"
"Feb 7, 2023",33.66,35.06,33.41,34.9,"59,374,000"
"Feb 6, 2023",33.53,34.21,32.9,33.9,"33,594,900"
"Feb 3, 2023",32.17,33.95,32.15,33.09,"25,804,900"
"Feb 2, 2023",32.42,33.47,32.42,33.05,"32,045,500"
"Feb 1, 2023",30.88,31.85,30.64,31.49,"21,206,400"
"Jan 31, 2023",29.75,30.96,29.74,30.93,"15,611,500"
"Jan 30, 2023",30.2,30.54,29.59,29.63,"17,969,700"
"Jan 27, 2023",29.7,30.6,29.5,30.36,"18,224,000"
"Jan 26, 2023",30.53,30.65,29.31,30.02,"25,383,600"
"Jan 25, 2023",29.22,30.4,28.8,30.29,"14,488,100"
"Jan 24, 2023",28.51,31.2,28.51,29.93,"14,464,400"
"Jan 23, 2023",30.63,31.11,30.26,30.53,"22,041,100"
"Jan 20, 2023",29.3,30.39,29.12,30.36,"23,008,700"
"Jan 19, 2023",28.47,29.28,28.34,29.03,"15,651,500"
"Jan 18, 2023",29.95,30.09,28.89,28.96,"25,257,200"
"Jan 17, 2023",29.44,29.78,28.95,29.2,"20,816,500"
"Jan 13, 2023",28.68,29.5,28.66,29.44,"16,940,700"
"Jan 12, 2023",28.85,29.18,28.2,29.03,"17,513,400"
"Jan 11, 2023",28.24,28.52,27.92,28.35,"15,421,700"
"Jan 10, 2023",27.4,28.25,27.15,28.04,"15,413,700"
"Jan 9, 2023",27.3,28.05,27.15,27.4,"24,962,100"
"Jan 6, 2023",25.86,26.54,25.4,26.4,"19,443,800"
"Jan 5, 2023",25.73,26.01,25.55,25.55,"9,942,000"
"Jan 4, 2023",25.73,25.97,25.32,25.91,"14,816,000"
"Jan 3, 2023",25.37,25.75,25.02,25.36,"22,155,300"
"Dec 30, 2022",24.42,24.85,24.24,24.73,"20,474,100"
"Dec 29, 2022",24.75,25.38,24.29,24.91,"17,828,300"
"Dec 28, 2022",24.21,24.72,24.02,24.59,"15,669,200"
"Dec 27, 2022",24.29,24.7,23.9,24.4,"15,258,600"
"Dec 23, 2022",24.46,24.73,24.16,24.64,"11,610,000"
"Dec 22, 2022",24.93,25.1,24.04,24.64,"23,752,700"
"Dec 21, 2022",25.15,25.67,24.87,25.36,"20,444,500"
"Dec 20, 2022",24.72,25.28,24.61,24.96,"28,536,500"
"Dec 19, 2022",26.02,26.02,24.69,24.95,"35,616,100"
"Dec 16, 2022",26.06,26.45,25.66,25.97,"22,684,200"
"Dec 15, 2022",26.98,27.11,25.88,26.24,"19,377,800"
"Dec 14, 2022",27.07,27.82,26.77,27.47,"19,427,300"
"Dec 13, 2022",28.03,28.45,26.91,26.98,"27,635,400"
"Dec 12, 2022",26.42,27.23,26.11,27.03,"16,483,600"
"Dec 9, 2022",26.4,26.96,26.24,26.55,"14,253,500"
"Dec 8, 2022",26.52,27.03,26.28,26.45,"14,909,600"
"Dec 7, 2022",26.61,26.87,26.02,26.4,"21,193,900"
"Dec 6, 2022",27.7,27.86,26.7,26.92,"19,772,900"
"Dec 5, 2022",28.41,28.86,27.65,27.7,"17,486,300"
"Dec 2, 2022",27.38,28.78,27.19,28.75,"15,980,500"
"Dec 1, 2022",29.22,29.6,28.3,28.34,"18,066,600"
"Nov 30, 2022",27.8,29.14,27.64,29.14,"18,177,000"
"Nov 29, 2022",28.05,28.23,27.58,27.76,"15,007,800"
"Nov 28, 2022",28.11,28.66,27.73,27.76,"11,120,000"
"Nov 25, 2022",28.71,28.88,28.24,28.5,"5,200,400"
"Nov 23, 2022",28.36,28.94,28.14,28.79,"12,964,900"
"Nov 22, 2022",28.27,28.33,27.31,28.08,"20,368,600"
"Nov 21, 2022",28.52,28.71,28.01,28.25,"16,159,400"
"Nov 18, 2022",29.21,29.41,28.7,28.96,"15,676,300"
"Nov 17, 2022",29.1,29.5,28.4,28.88,"22,684,100"
"Nov 16, 2022",30.95,31.16,29.83,30.04,"26,540,200"
"Nov 15, 2022",30.25,31.82,30,31.57,"43,066,500"
"Nov 14, 2022",28.85,29.7,28.79,29.07,"24,426,200"
"Nov 11, 2022",28.95,30.43,28.7,29.15,"35,861,100"
"Nov 10, 2022",28.38,29.32,28.1,28.85,"35,196,900"
"Nov 9, 2022",27.31,28,26.44,26.55,"21,186,300"
"Nov 8, 2022",27.57,28.33,26.82,27.44,"27,033,900"
"Nov 7, 2022",28.7,28.83,27.61,27.69,"19,204,100"
"Nov 4, 2022",29.44,29.73,28.04,28.39,"22,304,200"
"Nov 3, 2022",28.03,29.52,27.71,28.73,"28,033,200"
"Nov 2, 2022",29.57,30.16,28.63,28.81,"37,083,500"
"Nov 1, 2022",30.07,31,29.12,29.75,"87,994,000"
"Oct 31, 2022",27.61,27.73,26.3,26.57,"37,327,000"
"Oct 28, 2022",27.81,27.88,26.49,27.5,"27,116,700"
"Oct 27, 2022",28.4,28.76,27.66,27.82,"16,768,600"
"Oct 26, 2022",28.17,28.98,27.86,28.2,"17,315,900"
"Oct 25, 2022",28,28.55,27.33,28.36,"17,366,400"
"Oct 24, 2022",27.71,27.98,26.51,27.65,"19,194,200"
"Oct 21, 2022",27.5,28.43,27.16,28.02,"20,651,600"
"Oct 20, 2022",27.32,28.68,27.24,27.87,"20,835,300"
"Oct 19, 2022",27.06,27.73,26.85,27.53,"15,428,500"
"Oct 18, 2022",27.07,27.71,26.5,27.61,"25,643,300"
"Oct 17, 2022",25.26,26.26,25.08,25.94,"25,074,900"
"Oct 14, 2022",25.65,26.07,24.66,24.71,"22,540,000"
"Oct 13, 2022",24.47,26.02,24.19,25,"32,838,500"
"Oct 12, 2022",25.05,26.11,24.56,25.98,"30,945,900"
"Oct 11, 2022",25.55,26.05,22.94,24.66,"92,468,800"
"Oct 10, 2022",28.24,28.45,27.23,27.53,"13,413,500"
"Oct 7, 2022",28.83,28.86,27.92,28.07,"19,690,200"
"Oct 6, 2022",29.2,30.24,28.96,29.73,"25,399,500"
"Oct 5, 2022",28.48,29.65,28.31,29.18,"21,458,500"
"Oct 4, 2022",27.63,29.25,27.6,29.19,"25,462,200"
"Oct 3, 2022",26.76,26.9,25.96,26.72,"19,940,800"
"Sep 30, 2022",26.16,27.31,26.16,26.5,"23,894,900"
"Sep 29, 2022",27.66,27.72,26,26.42,"26,160,700"
"Sep 28, 2022",27.43,28.16,27.19,28.04,"21,290,400"
"Sep 27, 2022",27.67,28.49,27.16,27.57,"22,392,800"
"Sep 26, 2022",27.71,28.16,26.82,26.89,"24,953,800"
"Sep 23, 2022",28.01,28.34,27.36,27.82,"26,472,600"
"Sep 22, 2022",30.19,30.19,28.53,28.58,"29,038,100"
"Sep 21, 2022",31.45,31.67,30.35,30.47,"22,328,400"
"Sep 20, 2022",31.49,32.56,31.19,31.49,"23,652,400"
"Sep 19, 2022",31.44,31.98,31.06,31.49,"22,867,600"
"Sep 16, 2022",30.96,32.15,30.88,31.93,"50,970,700"
"Sep 15, 2022",32.95,34.33,32.74,33.13,"41,849,100"
"Sep 14, 2022",31.25,33.14,31.1,33.05,"34,493,400"
"Sep 13, 2022",30.69,31.78,30.22,31.32,"29,364,700"
"Sep 12, 2022",31.95,32.62,31.85,32.5,"29,349,900"
"Sep 9, 2022",31,32.05,30.89,31.78,"28,055,900"
"Sep 8, 2022",29.42,30.9,29.29,30.68,"29,393,500"
"Sep 7, 2022",28.91,30.15,28.82,30.03,"20,632,200"
"Sep 6, 2022",29.34,29.37,28.28,28.89,"20,422,800"
"Sep 2, 2022",29.5,29.64,28.65,29.05,"14,604,400"
"Sep 1, 2022",28.17,28.95,27.69,28.92,"17,828,100"
"Aug 31, 2022",29.11,29.88,28.75,28.76,"20,740,700"
"Aug 30, 2022",29.18,29.29,28.12,28.71,"24,409,300"
"Aug 29, 2022",28.1,29.19,28.06,28.74,"17,245,100"
"Aug 26, 2022",29.51,29.71,28.36,28.58,"16,490,800"
"Aug 25, 2022",28.89,29.64,28.81,29.62,"15,470,900"
"Aug 24, 2022",27.93,29.22,27.85,28.71,"20,022,500"
"Aug 23, 2022",28.06,28.67,27.75,27.81,"24,298,300"
"Aug 22, 2022",28.34,28.81,27.87,28,"20,233,100"
"Aug 19, 2022",29.5,29.57,28.63,29.01,"24,180,900"
"Aug 18, 2022",30.56,30.62,29.86,30.15,"20,831,600"
"Aug 17, 2022",31.65,31.71,30.44,30.72,"24,239,400"
"Aug 16, 2022",32.08,32.72,31.33,32.38,"28,072,300"
"Aug 15, 2022",32.1,32.91,31.93,32.49,"14,149,200"
"Aug 12, 2022",32.59,32.76,31.7,32.47,"21,950,700"
"Aug 11, 2022",33.16,33.36,32.04,32.24,"24,624,600"
"Aug 10, 2022",32.44,33.19,32.23,32.8,"31,318,100"
"Aug 9, 2022",31.37,31.55,30.72,31.06,"27,042,900"
"Aug 8, 2022",32.33,32.96,31.66,31.85,"28,064,900"
"Aug 5, 2022",31.2,32.63,31.04,32.01,"39,963,600"
"Aug 4, 2022",29.78,32.23,29.6,31.85,"55,573,600"
"Aug 3, 2022",29.72,31.43,29.36,30.19,"62,061,200"
"Aug 2, 2022",28.49,29.43,27.1,29.25,"107,926,300"
"Aug 1, 2022",23.43,24.62,22.89,24.6,"46,960,700"
"Jul 29, 2022",23.18,23.49,22.39,23.45,"29,406,600"
"Jul 28, 2022",22.89,23.42,22.14,23.31,"22,886,100"
"Jul 27, 2022",23,23.32,22.49,23.09,"28,384,300"
"Jul 26, 2022",23.15,23.15,22.45,22.55,"24,402,800"
"Jul 25, 2022",23.27,23.54,22.63,23.35,"12,923,000"
"Jul 22, 2022",24.33,24.81,23.08,23.3,"20,209,400"
"Jul 21, 2022",24.02,24.25,23.6,24.23,"18,425,400"
"Jul 20, 2022",22.89,24.22,22.81,24.12,"27,844,600"
"Jul 19, 2022",22.75,23.08,22.19,22.67,"23,148,900"
"Jul 18, 2022",22.17,23.2,22.11,22.58,"30,935,900"
"Jul 15, 2022",21,21.78,20.76,21.67,"24,503,600"
"Jul 14, 2022",21.25,21.47,20.59,20.65,"31,561,700"
"Jul 13, 2022",20.93,21.61,20.72,21.5,"18,994,900"
"Jul 12, 2022",21.28,21.78,20.98,21.57,"17,373,500"
"Jul 11, 2022",21.95,22.25,21.14,21.19,"17,546,900"
"Jul 8, 2022",22.43,22.96,21.83,22.34,"20,231,300"
"Jul 7, 2022",21.64,22.76,21.61,22.74,"23,121,900"
"Jul 6, 2022",21.5,22.08,21.32,21.5,"32,689,400"
"Jul 5, 2022",21.17,22.55,20.83,22.52,"24,500,300"
"Jul 1, 2022",20.7,21.37,20.43,21.34,"20,693,300"
"Jun 30, 2022",21.11,21.13,19.9,20.46,"30,882,500"
"Jun 29, 2022",22.11,22.15,21.08,21.47,"30,704,800"
"Jun 28, 2022",22.97,23.46,22.04,22.08,"24,350,100"
"Jun 27, 2022",23.45,23.64,22.34,22.86,"27,153,400"
"Jun 24, 2022",22.48,23.19,22.3,23.03,"38,140,100"
"Jun 23, 2022",21.63,22.44,21.39,22.37,"27,010,500"
"Jun 22, 2022",21.41,22.21,21.3,21.5,"32,314,400"
"Jun 21, 2022",22,22.46,21.69,21.76,"35,257,700"
"Jun 17, 2022",20.37,21.96,20.37,21.81,"46,728,400"
"Jun 16, 2022",21.04,21.4,20.16,20.47,"55,312,400"
"Jun 15, 2022",21.34,22.39,21.24,22.03,"36,073,700"
"Jun 14, 2022",21.72,21.95,20.89,21.09,"43,006,300"
"Jun 13, 2022",22.22,22.58,21.34,21.57,"33,130,300"
"Jun 10, 2022",24.8,24.97,23.65,23.72,"29,868,000"
"Jun 9, 2022",25.94,26.69,25.35,25.44,"42,063,600"
"Jun 8, 2022",25.7,26.55,25.3,25.83,"31,225,300"
"Jun 7, 2022",24.2,25.7,24.07,25.3,"27,453,700"
"Jun 6, 2022",24.86,25.43,24.28,24.73,"29,834,700"
"Jun 3, 2022",24.17,24.5,23.73,24.15,"24,283,600"
"Jun 2, 2022",23.07,24.83,22.94,24.74,"30,691,100"
"Jun 1, 2022",23.53,23.87,22.57,22.94,"26,383,600"
"May 31, 2022",23.5,23.9,23.03,23.2,"33,194,800"
"May 27, 2022",23.49,24.13,23.33,23.67,"29,710,200"
"May 26, 2022",22.15,23.28,21.92,23.1,"30,199,400"
"May 25, 2022",21.71,22.35,21.27,22.04,"31,270,800"
"May 24, 2022",23.69,23.74,21.41,21.55,"40,726,100"
"May 23, 2022",23.32,23.83,22.71,23.78,"35,204,800"
"May 20, 2022",23.81,24.1,22.41,23.35,"32,104,700"
"May 19, 2022",22.29,23.81,22.2,23.24,"36,461,200"
"May 18, 2022",23.98,24.19,22.34,22.46,"35,747,300"
"May 17, 2022",24.32,24.9,23.59,24.2,"33,859,400"
"May 16, 2022",24.31,24.46,23.4,23.59,"27,285,200"
"May 13, 2022",23.88,24.87,23.68,24.39,"53,577,600"
"May 12, 2022",22.15,24.06,21.69,23.29,"63,999,300"
"May 11, 2022",23.28,24.15,22.5,22.57,"51,137,700"
"May 10, 2022",23.85,24.55,22.8,23.67,"47,982,500"
"May 9, 2022",25.41,26.07,22.8,23.05,"58,095,900"
"May 6, 2022",26.84,26.84,24.75,26.07,"56,575,100"
"May 5, 2022",27.87,28.83,26.2,26.83,"52,804,200"
"May 4, 2022",27.41,28.4,25.9,28.1,"115,601,800"
"May 3, 2022",30.15,30.59,28.85,29.47,"58,340,700"
"May 2, 2022",31.24,31.35,29.51,30.39,"45,651,000"
"Apr 29, 2022",32.52,33.15,31.41,31.48,"24,948,600"
"Apr 28, 2022",31,32.87,30.98,32.82,"30,251,600"
"Apr 27, 2022",31.1,31.98,30.16,30.68,"30,762,600"
"Apr 26, 2022",32.04,32.2,31,31.33,"26,981,900"
"Apr 25, 2022",30.59,32.5,30.46,32.44,"29,416,300"
"Apr 22, 2022",31.62,32.22,30.8,30.83,"22,748,900"
"Apr 21, 2022",34.25,34.41,31.37,31.68,"32,937,100"
"Apr 20, 2022",33.99,34.32,33.18,33.21,"21,330,500"
"Apr 19, 2022",32.16,33.99,31.97,33.8,"23,319,600"
"Apr 18, 2022",32.55,32.6,31.42,31.79,"24,413,800"
"Apr 14, 2022",32.86,33.47,32.64,32.68,"18,763,000"
"Apr 13, 2022",32,33.11,31.93,32.63,"20,186,400"
"Apr 12, 2022",32.4,33.1,31.71,31.99,"32,619,800"
"Apr 11, 2022",31.36,32.69,31.11,32.04,"19,680,300"
"Apr 8, 2022",31.92,32.55,31.58,32.05,"17,991,000"
"Apr 7, 2022",33.34,33.34,31.02,32.27,"34,581,000"
"Apr 6, 2022",33.85,34,32.55,33.41,"28,854,800"
"Apr 5, 2022",36.35,36.61,34.72,34.96,"20,984,200"
"Apr 4, 2022",36.4,36.93,36.22,36.51,"20,217,800"
"Apr 1, 2022",35.68,36.48,35.4,35.98,"16,793,300"
"Mar 31, 2022",36.5,36.73,35.37,35.68,"20,608,700"
"Mar 30, 2022",36.66,37.09,36.21,36.58,"22,306,500"
"Mar 29, 2022",35.57,37.45,35.57,37.19,"37,969,000"
"Mar 28, 2022",34.14,34.91,33.73,34.77,"22,175,200"
"Mar 25, 2022",34.55,34.92,33.55,34.06,"28,078,800"
"Mar 24, 2022",34.74,34.95,33.44,34.7,"52,533,600"
"Mar 23, 2022",32.71,33.68,32.57,33.06,"19,024,700"
"Mar 22, 2022",31.93,33.6,31.84,33.35,"21,852,800"
"Mar 21, 2022",32.82,32.82,31.25,31.98,"35,200,600"
"Mar 18, 2022",32.52,33.42,32.33,33.36,"35,827,800"
"Mar 17, 2022",32.34,32.92,31.57,32.85,"27,278,600"
"Mar 16, 2022",30.53,32.63,30.27,32.61,"34,688,800"
"Mar 15, 2022",29.52,30.41,29.06,29.8,"33,060,500"
"Mar 14, 2022",30.51,30.55,28.8,29.27,"41,897,400"
"Mar 11, 2022",31.3,31.39,30.42,30.76,"29,454,700"
"Mar 10, 2022",30.86,31.15,29.84,30.41,"30,785,900"
"Mar 9, 2022",31.75,32.73,31.2,31.5,"33,734,500"
"Mar 8, 2022",28.51,31.57,28.28,30.74,"55,014,700"
"Mar 7, 2022",31.48,31.94,28.55,28.57,"60,265,800"
"Mar 4, 2022",31.5,31.73,29.27,29.83,"52,098,700"
"Mar 3, 2022",34.22,34.29,31.42,31.72,"38,337,600"
"Mar 2, 2022",34,34.22,32.97,34.04,"26,112,500"
"Mar 1, 2022",35.45,35.6,33.65,33.89,"31,436,200"
"Feb 28, 2022",35.26,36.31,34.99,36.03,"44,865,200"
"Feb 25, 2022",34.84,35.27,34.01,34.98,"23,691,500"
"Feb 24, 2022",29.97,34.95,29.71,34.87,"42,978,100"
"Feb 23, 2022",33.89,34.21,32.3,32.39,"27,254,800"
"Feb 22, 2022",34.21,35.1,33.28,33.68,"28,731,300"
"Feb 18, 2022",35.52,36.33,34.67,34.68,"28,199,900"
"Feb 17, 2022",36.13,37.43,35.41,35.71,"28,432,100"
"Feb 16, 2022",36.63,37.39,36.27,36.58,"33,165,900"
"Feb 15, 2022",35.44,37.21,35.11,37.09,"38,183,500"
"Feb 14, 2022",35.2,35.99,34.32,34.59,"44,556,700"
"Feb 11, 2022",37.96,38.65,34.48,35.29,"72,568,400"
"Feb 10, 2022",41,42.56,37.35,37.75,"113,915,000"
"Feb 9, 2022",38.81,40.4,38.16,40.19,"52,614,100"
"Feb 8, 2022",37.25,38.57,36.95,38.34,"25,857,600"
"Feb 7, 2022",36.99,39.05,36.99,37.54,"30,303,200"
"Feb 4, 2022",35,37.35,34.36,37.05,"33,082,100"
"Feb 3, 2022",36.08,36.74,34.3,34.54,"32,192,100"
"Feb 2, 2022",38.53,38.62,37.03,37.17,"19,591,100"
"Feb 1, 2022",37.63,38.71,37.2,38.61,"19,669,900"
"Jan 31, 2022",35.34,37.54,35.3,37.4,"22,899,300"
"Jan 28, 2022",34.17,35.22,32.81,35.21,"28,007,100"
"Jan 27, 2022",35.37,35.79,33.94,34.09,"26,086,700"
"Jan 26, 2022",36.07,36.68,34.45,34.8,"29,495,900"
"Jan 25, 2022",35.47,36.09,34.51,34.82,"29,577,000"
"Jan 24, 2022",34.91,36.42,33.51,36.28,"49,261,600"
"Jan 21, 2022",37.41,37.6,35.85,35.94,"41,836,800"
"Jan 20, 2022",38.29,39.64,37.75,37.82,"21,720,100"
"Jan 19, 2022",38.21,38.89,37.12,37.86,"35,552,500"
"Jan 18, 2022",40.96,40.96,38.37,38.41,"36,873,700"
"Jan 14, 2022",42.4,42.72,40.35,41.51,"25,817,800"
"Jan 13, 2022",43.34,43.92,42.72,42.87,"17,190,100"
"Jan 12, 2022",43.99,44.1,42.53,43.04,"18,993,900"
"Jan 11, 2022",42.36,44.17,42.19,43.62,"22,161,000"
"Jan 10, 2022",41.48,42.81,40.16,42.6,"29,783,800"
"Jan 7, 2022",42,42.65,41.2,41.51,"24,875,800"
"Jan 6, 2022",43.11,44.08,40.97,42.03,"32,434,300"
"Jan 5, 2022",44.29,45.9,42.86,43.24,"28,498,700"
"Jan 4, 2022",44.23,44.8,42.58,44.42,"30,845,300"
"Jan 3, 2022",42.48,44.4,41.89,43.95,"26,089,000"
"Dec 31, 2021",42.53,43.12,41.93,41.93,"13,746,900"
"Dec 30, 2021",42.29,43.34,42.2,42.66,"13,516,300"
"Dec 29, 2021",42.72,42.93,41.81,42.46,"15,908,600"
"Dec 28, 2021",42.6,43.74,42.3,42.54,"21,481,000"
"Dec 27, 2021",43.44,44.24,42.82,42.96,"28,285,000"
"Dec 23, 2021",43.03,44.35,42.76,43.91,"21,763,400"
"Dec 22, 2021",41.95,43.23,41.45,43.02,"27,675,700"
"Dec 21, 2021",39.82,42.08,39.82,41.97,"28,385,200"
"Dec 20, 2021",38.45,40.15,38.08,39.7,"28,153,700"
"Dec 17, 2021",37.2,40,36.74,39.68,"51,048,100"
"Dec 16, 2021",38.25,38.58,37.13,37.7,"31,478,400"
"Dec 15, 2021",36.91,38.38,36.24,37.83,"37,612,600"
"Dec 14, 2021",35.25,38.45,35.21,37.26,"45,491,700"
"Dec 13, 2021",36.18,36.31,34.88,35.73,"38,394,700"
"Dec 10, 2021",37.41,37.87,36.61,36.67,"25,760,600"
"Dec 9, 2021",38.44,38.7,37.47,37.54,"22,994,800"
"Dec 8, 2021",38.3,39.41,38.01,38.81,"29,688,600"
"Dec 7, 2021",39.4,40.22,37.76,38.08,"40,443,300"
"Dec 6, 2021",35.95,38.69,35.44,38.49,"36,689,200"
"Dec 3, 2021",37.42,37.84,35.26,35.85,"47,392,700"
"Dec 2, 2021",36.55,38.4,36.45,38.12,"32,267,000"
"Dec 1, 2021",39.45,39.5,35.8,36.02,"47,316,400"
"Nov 30, 2021",39.25,39.95,37.03,38,"55,268,500"
"Nov 29, 2021",41.06,41.25,38.78,39.7,"27,724,400"
"Nov 26, 2021",39.61,40.62,38.77,40.52,"35,453,600"
"Nov 24, 2021",42,42.37,41.24,42.08,"17,118,200"
"Nov 23, 2021",42.38,43.14,41.6,42.68,"18,099,400"
"Nov 22, 2021",43.96,44.4,41.81,42.6,"31,355,200"
"Nov 19, 2021",43.93,44.72,43.5,44.23,"21,465,500"
"Nov 18, 2021",44.53,45.33,43.58,45,"27,839,900"
"Nov 17, 2021",45.36,45.64,43.9,44.11,"25,036,400"
"Nov 16, 2021",45.54,46.66,44.86,45.76,"46,219,700"
"Nov 15, 2021",45.11,45.26,43.56,43.61,"19,690,000"
"Nov 12, 2021",43.57,45.13,43.57,45.12,"29,804,600"
"Nov 11, 2021",43.32,43.72,42.44,43.28,"27,307,800"
"Nov 10, 2021",44.9,45.25,42.6,43.38,"33,712,200"
"Nov 9, 2021",45.91,45.98,43.68,45.51,"33,588,900"
"Nov 8, 2021",47.08,47.65,45.82,45.89,"25,257,900"
"Nov 5, 2021",47.5,48.74,46.61,47.19,"45,641,500"
"Nov 4, 2021",45.54,46.53,44.99,45.27,"31,903,000"
"Nov 3, 2021",45.33,46.26,44.71,45.72,"38,499,600"
"Nov 2, 2021",44.34,44.35,42.33,42.89,"28,002,600"
"Nov 1, 2021",44.07,45.03,43.65,44.36,"20,983,900"
"Oct 29, 2021",44.49,44.8,43.57,43.82,"18,283,200"
"Oct 28, 2021",45,45.41,44.38,44.62,"14,768,800"
"Oct 27, 2021",46.47,46.55,44.17,44.73,"26,999,800"
"Oct 26, 2021",46.28,47.69,45.86,46.02,"19,491,800"
"Oct 25, 2021",45.67,46.07,45.02,45.72,"12,955,500"
"Oct 22, 2021",46,46.5,45.23,45.51,"19,259,200"
"Oct 21, 2021",45.97,47.54,45.52,46.47,"15,741,000"
"Oct 20, 2021",47.15,47.54,45.93,46,"15,570,900"
"Oct 19, 2021",47.2,47.69,46.74,47.05,"16,500,200"
"Oct 18, 2021",47.68,47.95,46.75,47.07,"19,806,700"
"Oct 15, 2021",47.91,48.84,47.34,48.36,"20,581,700"
"Oct 14, 2021",46.98,47.94,46.84,47.28,"18,514,000"
"Oct 13, 2021",46.26,47,45.94,46.41,"13,754,400"
"Oct 12, 2021",46.33,47.05,46.15,46.72,"12,404,200"
"Oct 11, 2021",47.7,47.87,46.28,46.29,"16,336,800"
"Oct 8, 2021",48.08,48.88,47.6,47.77,"17,980,400"
"Oct 7, 2021",47.64,48.24,46.89,47.91,"25,961,600"
"Oct 6, 2021",45.33,47.18,45,47.01,"24,868,700"
"Oct 5, 2021",45.91,46.08,45.35,45.61,"12,433,900"
"Oct 4, 2021",46.47,46.83,45.2,45.72,"21,588,200"
"Oct 1, 2021",45.92,47.25,45.79,47.05,"25,428,300"
"Sep 30, 2021",44.71,45.37,43.86,44.8,"16,650,600"
"Sep 29, 2021",46,46.53,44.3,44.52,"24,599,500"
"Sep 28, 2021",46.7,47,45.76,45.98,"23,707,900"
"Sep 27, 2021",46.77,47.43,46.19,47.25,"23,034,800"
"Sep 24, 2021",45.46,47.04,45.29,46.63,"29,458,300"
"Sep 23, 2021",45.35,45.84,44.71,45.48,"26,232,800"
"Sep 22, 2021",44.9,46.62,44.61,44.87,"56,455,100"
"Sep 21, 2021",42.34,45,42.18,44.36,"106,631,700"
"Sep 20, 2021",38.88,40.22,38.73,39.79,"35,417,600"
"Sep 17, 2021",39.9,40.22,39.29,39.75,"32,165,000"
"Sep 16, 2021",38.3,39.67,38.09,39.52,"25,374,000"
"Sep 15, 2021",39,39,38.08,38.48,"30,368,800"
"Sep 14, 2021",39.9,40.1,38.55,39.01,"36,717,300"
"Sep 13, 2021",40.26,41.19,39.26,40.07,"28,868,800"
"Sep 10, 2021",40.62,40.83,39.87,39.89,"14,230,600"
"Sep 9, 2021",40.1,40.95,39.84,40.35,"14,260,300"
"Sep 8, 2021",40.85,41.34,39.83,40.07,"16,219,900"
"Sep 7, 2021",40.49,41.08,40.31,40.95,"15,708,600"
"Sep 3, 2021",41.22,41.58,40.23,40.32,"15,444,900"
"Sep 2, 2021",40.75,41.86,40.54,41.4,"20,645,400"
"Sep 1, 2021",39.98,41.67,39.87,40.62,"27,788,600"
"Aug 31, 2021",39.81,40.28,39.13,39.14,"26,396,000"
"Aug 30, 2021",40.58,40.74,39.11,39.59,"29,516,300"
"Aug 27, 2021",40.53,41.31,40.5,40.69,"13,612,500"
"Aug 26, 2021",41.49,41.94,40.54,40.62,"17,473,400"
"Aug 25, 2021",40.44,42.11,40.04,41.55,"26,498,400"
"Aug 24, 2021",41.1,41.21,39.97,40.17,"44,872,800"
"Aug 23, 2021",39,41.08,38.84,41,"33,901,300"
"Aug 20, 2021",39.69,40.08,39.24,39.95,"18,080,700"
"Aug 19, 2021",40.28,40.6,39.51,39.86,"22,471,400"
"Aug 18, 2021",40.97,41.53,40.8,40.88,"13,682,300"
"Aug 17, 2021",41,41.48,40.58,41,"20,364,400"
"Aug 16, 2021",41.76,41.79,40.86,41.5,"19,223,500"
"Aug 13, 2021",42.8,43.03,42.2,42.22,"8,598,800"
"Aug 12, 2021",42.86,42.97,42.18,42.73,"16,549,100"
"Aug 11, 2021",43.41,43.5,42,43.08,"21,766,100"
"Aug 10, 2021",43.7,44.24,43.25,43.5,"26,675,200"
"Aug 9, 2021",44.19,44.27,43.21,43.25,"19,238,400"
"Aug 6, 2021",43.74,44.94,43.65,44.28,"25,514,900"
"Aug 5, 2021",40.5,44.65,40.15,43.07,"60,871,500"
"Aug 4, 2021",42.7,42.82,41.37,41.81,"42,969,100"
"Aug 3, 2021",43.56,43.68,41.62,42.79,"37,622,200"
"Aug 2, 2021",44.1,44.29,43.44,43.49,"26,579,900"
"Jul 30, 2021",44.38,44.73,43.34,43.46,"22,194,900"
"Jul 29, 2021",44.12,45.21,44,44.69,"51,033,700"
"Jul 28, 2021",45.88,46.96,45.81,46.14,"19,510,300"
"Jul 27, 2021",46.54,46.66,44.76,45.82,"16,874,200"
"Jul 26, 2021",47.04,47.6,46.37,46.81,"12,498,000"
"Jul 23, 2021",47.61,47.69,46.78,47.46,"9,540,700"
"Jul 22, 2021",47.7,48.17,47.24,47.57,"11,560,800"
"Jul 21, 2021",46.53,47.94,46.35,47.52,"14,953,700"
"Jul 20, 2021",45.46,46.66,45.07,46.32,"13,851,400"
"Jul 19, 2021",45,45.75,44.44,45.56,"20,890,600"
"Jul 16, 2021",46.4,47.09,46.01,46.19,"18,224,500"
"Jul 15, 2021",46.86,47.46,46.15,46.42,"17,225,300"
"Jul 14, 2021",48.28,48.59,47.11,47.15,"15,837,000"
"Jul 13, 2021",48.49,48.59,47.75,48.08,"11,283,600"
"Jul 12, 2021",48.87,49.29,48.09,48.41,"14,142,300"
"Jul 9, 2021",47.84,49.25,47.71,49.07,"15,401,000"
"Jul 8, 2021",47.16,48.21,46.57,47.55,"24,930,200"
"Jul 7, 2021",50.8,51.03,48.54,48.68,"24,559,500"
"Jul 6, 2021",50.6,52.03,50.4,50.8,"21,357,800"
"Jul 2, 2021",50.57,51.83,50.39,51.71,"13,690,400"
"Jul 1, 2021",50.88,51.6,50.02,50.59,"17,727,600"
"Jun 30, 2021",51.02,51.13,49.71,50.12,"18,069,400"
"Jun 29, 2021",51,51.3,50.24,50.76,"14,104,200"
"Jun 28, 2021",51.75,52.36,50.37,51.11,"22,518,000"
"Jun 25, 2021",51.18,51.83,50.53,51.73,"25,727,800"
"Jun 24, 2021",51.3,51.55,50.22,50.82,"12,403,300"
"Jun 23, 2021",49.06,50.77,49.01,50.51,"19,843,300"
"Jun 22, 2021",48.3,49.34,47.75,49.05,"19,472,500"
"Jun 21, 2021",49.72,49.86,47.9,48.12,"30,752,200"
"Jun 18, 2021",49.31,50.39,48.78,49.7,"20,633,500"
"Jun 17, 2021",48.96,49.83,48.31,49.7,"18,911,400"
"Jun 16, 2021",49.35,49.66,48.29,48.89,"18,975,800"
"Jun 15, 2021",49.55,49.96,49.09,49.3,"20,358,600"
"Jun 14, 2021",50.06,51.49,49.56,50.77,"15,437,300"
"Jun 11, 2021",50.03,50.36,49.53,50.01,"12,127,100"
"Jun 10, 2021",49.69,49.9,48.42,49.55,"14,926,500"
"Jun 9, 2021",50,50.17,49.11,49.14,"12,615,200"
"Jun 8, 2021",50.7,51.4,48.66,49.88,"19,672,700"
"Jun 7, 2021",50.49,51.22,49.75,50.76,"16,466,200"
"Jun 4, 2021",49.56,50.22,49.07,50.18,"10,409,800"
"Jun 3, 2021",50.43,50.5,48.53,48.7,"14,712,900"
"Jun 2, 2021",51.19,51.41,50.55,50.79,"13,484,200"
"Jun 1, 2021",51.62,51.66,49.84,50.98,"16,583,800"
"May 28, 2021",50.67,51.74,50.47,50.83,"14,226,800"
"May 27, 2021",51.44,51.69,48.72,50.71,"51,346,000"
"May 26, 2021",50.32,51.36,49.76,51.12,"16,393,700"
"May 25, 2021",50.74,51.59,50.44,50.46,"16,930,900"
"May 24, 2021",49.33,50.4,48.85,50.03,"16,768,400"
"May 21, 2021",49.57,49.95,48.76,48.82,"20,013,200"
"May 20, 2021",49.57,49.95,48.76,49.33,"18,822,300"
"May 19, 2021",47.53,49.83,47.37,49.47,"16,517,500"
"May 18, 2021",49.67,50.29,48.53,49.17,"28,244,400"
"May 17, 2021",47.24,47.94,46.51,47.51,"17,475,300"
"May 14, 2021",45.03,47.71,44.85,47.42,"25,323,300"
"May 13, 2021",44.99,46.1,43.56,44.48,"36,205,100"
"May 12, 2021",45.9,46.1,43.17,43.81,"32,117,400"
"May 11, 2021",44.5,46.79,44.18,46.21,"29,106,900"
"May 10, 2021",47.71,47.85,45.6,45.79,"28,309,800"
"May 7, 2021",47.22,48.6,46.53,47.03,"27,933,900"
"May 6, 2021",48.39,49.81,45.72,46.65,"79,242,400"
"May 5, 2021",53.87,54.07,50.63,51.18,"43,970,500"
"May 4, 2021",54.52,54.72,52.01,52.99,"19,336,600"
"May 3, 2021",55.12,56.13,54.84,54.85,"13,903,300"
"Apr 30, 2021",54.3,55.65,54.11,54.77,"16,736,600"
"Apr 29, 2021",59,59.22,53.11,54.93,"43,408,000"
"Apr 28, 2021",56.88,58.48,56.66,58.44,"9,269,700"
"Apr 27, 2021",58.32,58.4,57.05,57.16,"12,926,800"
"Apr 26, 2021",58.05,58.36,57.33,57.61,"8,361,600"
"Apr 23, 2021",56.56,57.95,56.39,57.93,"8,758,800"
"Apr 22, 2021",55.85,57.22,55.19,56.28,"16,936,200"
"Apr 21, 2021",55,56.2,54.61,55.77,"11,523,900"
"Apr 20, 2021",58,58.12,55.24,55.48,"19,081,100"
"Apr 19, 2021",60,60.22,57.52,57.85,"16,956,900"
"Apr 16, 2021",60.74,60.85,59.54,60.35,"11,856,100"
"Apr 15, 2021",59.88,61.09,59.55,60.74,"17,500,200"
"Apr 14, 2021",60.11,61.5,59.18,59.23,"18,959,800"
"Apr 13, 2021",59.65,61.01,58.53,60.64,"21,006,100"
"Apr 12, 2021",59.05,60.77,58.75,59.44,"36,041,300"
"Apr 9, 2021",57.32,57.88,56.4,57.68,"10,228,500"
"Apr 8, 2021",56.65,57.94,56.54,57.83,"9,498,500"
"Apr 7, 2021",58.02,58.13,55.95,56.89,"12,921,900"
"Apr 6, 2021",57.34,58.99,57.16,58.05,"13,579,200"
"Apr 5, 2021",58.1,58.42,56.64,57.4,"13,490,200"
"Apr 1, 2021",55.61,57.63,54.81,57.6,"18,703,400"
"Mar 31, 2021",53.96,55.18,53.58,54.51,"14,760,500"
"Mar 30, 2021",52.99,54.12,52.64,53.46,"9,497,200"
"Mar 29, 2021",54.8,54.8,52.85,53.35,"9,724,800"
"Mar 26, 2021",54.41,55.25,53.52,54.71,"13,528,200"
"Mar 25, 2021",52,54.28,51.8,53.89,"13,210,700"
"Mar 24, 2021",54.46,54.96,52.54,52.57,"13,700,800"
"Mar 23, 2021",55.63,55.63,53.11,53.49,"14,513,500"
"Mar 22, 2021",57.25,57.61,55.47,55.69,"14,149,400"
"Mar 19, 2021",55.48,57.18,54.34,57.08,"17,396,300"
"Mar 18, 2021",56.63,57.48,55.21,55.69,"15,737,000"
"Mar 17, 2021",57.07,57.57,55.54,56.36,"25,509,900"
"Mar 16, 2021",59.99,61.02,58.38,58.85,"12,885,700"
"Mar 15, 2021",60.35,60.53,59.12,60.19,"14,985,000"
"Mar 12, 2021",58.97,60.59,57.62,60.35,"14,839,300"
"Mar 11, 2021",58.8,59.48,58.22,58.95,"17,293,800"
"Mar 10, 2021",57.21,58.9,56.27,57.68,"27,997,000"
"Mar 9, 2021",56,56.15,54.72,55.25,"17,192,900"
"Mar 8, 2021",55.5,56.45,52.89,53.2,"19,912,100"
"Mar 5, 2021",54.28,55.83,50.81,55.54,"31,576,200"
"Mar 4, 2021",55.75,57.16,51.61,53.07,"27,409,600"
"Mar 3, 2021",55.93,57.8,54.65,56.11,"28,485,400"
"Mar 2, 2021",55.54,55.62,54.19,54.65,"15,199,500"
"Mar 1, 2021",53.67,54.76,53.3,54.4,"18,481,100"
"Feb 26, 2021",52.07,52.75,50.61,51.75,"16,349,800"
"Feb 25, 2021",54.58,54.6,50.86,51.45,"27,049,100"
"Feb 24, 2021",54.95,55.15,53.66,53.91,"24,627,000"
"Feb 23, 2021",53.5,56.37,51.89,56,"23,947,500"
"Feb 22, 2021",57.76,58.1,54.82,55.31,"25,565,400"
"Feb 19, 2021",58.36,60.46,58.11,58.39,"28,097,000"
"Feb 18, 2021",60,60.29,58.23,59,"15,135,600"
"Feb 17, 2021",60.33,60.95,58.95,60.81,"12,670,000"
"Feb 16, 2021",61.02,61.31,59.84,60.52,"15,413,100"
"Feb 12, 2021",60.12,60.93,59.31,60.63,"14,607,800"
"Feb 11, 2021",63.25,64.05,60.4,60.71,"41,363,400"
"Feb 10, 2021",62,63.5,60.8,63.18,"36,972,900"
"Feb 9, 2021",58.91,61.06,58.62,59.61,"23,510,700"
"Feb 8, 2021",59.7,60.11,58.69,59.29,"18,403,700"
"Feb 5, 2021",58.16,58.71,57.37,58.58,"15,729,200"
"Feb 4, 2021",56.45,57.85,56.11,57.85,"13,841,600"
"Feb 3, 2021",57.87,58.13,56.74,57.12,"13,519,000"
"Feb 2, 2021",55.11,58.03,54.89,56.46,"30,286,800"
"Feb 1, 2021",52.12,52.9,51.35,52.76,"15,570,900"
"Jan 29, 2021",50.63,51.49,49.63,50.93,"18,743,200"
"Jan 28, 2021",50.12,52.52,49.88,51.58,"28,114,700"
"Jan 27, 2021",49.97,50.86,47.15,48.11,"33,283,400"
"Jan 26, 2021",54.62,55.52,51.53,51.92,"25,677,000"
"Jan 25, 2021",54.5,54.52,49.65,54.29,"40,890,100"
"Jan 22, 2021",55.25,55.47,54.01,54.31,"19,570,500"
"Jan 21, 2021",56.57,57,55.31,55.79,"13,432,000"
"Jan 20, 2021",57,57.98,55.47,56.38,"16,904,300"
"Jan 19, 2021",56.39,56.84,55,56.3,"16,953,700"
"Jan 15, 2021",57.49,57.9,55,55.52,"23,708,800"
"Jan 14, 2021",60,60.03,56.7,56.91,"26,561,000"
"Jan 13, 2021",58.54,59.88,57.53,59.4,"24,178,500"
"Jan 12, 2021",55.5,59.39,55,58.54,"52,128,200"
"Jan 11, 2021",53.11,55,52.99,54.59,"23,213,800"
"Jan 8, 2021",54.4,54.79,52.58,53.28,"37,999,400"
"Jan 7, 2021",53.37,56.25,53.2,56.13,"23,737,500"
"Jan 6, 2021",53.31,54.07,52,52.48,"17,738,100"
"Jan 5, 2021",51,54.19,50.76,54.01,"21,403,200"
"Jan 4, 2021",52.22,52.32,49.63,51.14,"17,291,800"
"Dec 31, 2020",53.28,53.28,51,51,"13,282,800"
"Dec 30, 2020",52.72,53.85,52.22,53.15,"9,518,600"
"Dec 29, 2020",52.33,52.99,51.47,52.27,"10,140,600"
"Dec 28, 2020",53.02,53.13,51.56,51.97,"12,059,000"
"Dec 24, 2020",53.6,53.63,52.29,52.88,"6,316,800"
"Dec 23, 2020",53.8,54.09,52.99,53.71,"12,671,100"
"Dec 22, 2020",52.11,54.36,51.92,53.78,"23,871,800"
"Dec 21, 2020",49,52.35,48.79,51.8,"23,562,900"
"Dec 18, 2020",50.81,50.95,49.52,50.62,"24,355,200"
"Dec 17, 2020",50.59,51.3,50.17,50.63,"19,688,300"
"Dec 16, 2020",51.18,51.68,50.29,50.49,"19,577,800"
"Dec 15, 2020",52.12,52.83,50.87,51,"17,504,700"
"Dec 14, 2020",53.27,53.44,51.24,51.46,"19,048,500"
"Dec 11, 2020",54.47,55.03,52.33,52.63,"16,817,900"
"Dec 10, 2020",52.33,54.62,51.3,54.35,"20,207,700"
"Dec 9, 2020",53.98,56.02,53.06,53.79,"46,777,900"
"Dec 8, 2020",52.4,54.22,52.35,53.01,"26,167,300"
"Dec 7, 2020",54.59,54.87,53.65,53.8,"13,764,400"
"Dec 4, 2020",52.71,54.86,52.71,54.86,"22,207,900"
"Dec 3, 2020",53.3,53.49,52.12,52.52,"13,122,400"
"Dec 2, 2020",49.26,53.45,48.53,53.09,"30,381,500"
"Dec 1, 2020",50,51.41,49.07,49.63,"20,605,500"
"Nov 30, 2020",50.22,51.01,48.53,49.66,"17,221,500"
"Nov 27, 2020",50.93,51.19,50.2,50.72,"8,339,200"
"Nov 25, 2020",51.27,51.45,49.92,50.8,"11,641,600"
"Nov 24, 2020",50.62,52.15,50.48,51.26,"16,216,200"
"Nov 23, 2020",48.66,50.88,48.51,50.04,"17,147,100"
"Nov 20, 2020",49.98,50.75,48.27,48.43,"17,330,400"
"Nov 19, 2020",49.1,49.91,48.65,49.26,"13,480,300"
"Nov 18, 2020",48.77,49.95,48.33,49.11,"17,783,500"
"Nov 17, 2020",48.72,49.62,48.5,48.89,"16,638,300"
"Nov 16, 2020",48.74,50.09,48.48,49.21,"29,301,700"
"Nov 13, 2020",47.11,47.79,45.93,47.61,"15,552,400"
"Nov 12, 2020",45.39,47.47,45.05,46.4,"16,251,600"
"Nov 11, 2020",46.72,47.52,45.91,46.23,"19,213,700"
"Nov 10, 2020",46.74,49.36,46.04,47,"33,079,800"
"Nov 9, 2020",48.01,49.62,47.3,48.18,"61,632,300"
"Nov 6, 2020",42.09,45.38,41.62,44.87,"57,670,700"
"Nov 5, 2020",40.33,42.05,40.01,41.96,"34,177,600"
"Nov 4, 2020",40.66,42.15,39,40.99,"101,818,200"
"Nov 3, 2020",35.27,36.15,35.15,35.77,"16,208,800"
"Nov 2, 2020",34.15,35.05,34.06,34.81,"18,350,500"
"Oct 30, 2020",33.91,34.39,33.15,33.41,"13,506,200"
"Oct 29, 2020",33.71,34.94,33.33,34.06,"13,735,300"
"Oct 28, 2020",33.62,33.66,32.9,33.65,"15,787,900"
"Oct 27, 2020",35.51,35.7,34.02,34.16,"13,692,100"
"Oct 26, 2020",36.5,36.74,35.12,35.49,"12,511,700"
"Oct 23, 2020",36.5,36.99,35.92,36.75,"15,960,600"
"Oct 22, 2020",35.42,36.89,34.92,36.7,"14,243,600"
"Oct 21, 2020",36.25,36.25,34.88,35.2,"19,058,700"
"Oct 20, 2020",34.53,36.76,34.53,36.31,"29,820,700"
"Oct 19, 2020",34.16,34.59,34,34.22,"19,278,600"
"Oct 16, 2020",34.78,34.8,33.61,33.72,"14,899,700"
"Oct 15, 2020",34.68,34.81,34.02,34.26,"15,443,800"
"Oct 14, 2020",35.69,36.09,35.08,35.11,"15,397,200"
"Oct 13, 2020",36.22,36.23,35.02,35.56,"15,463,100"
"Oct 12, 2020",37.56,37.56,36.17,36.26,"16,569,400"
"Oct 9, 2020",37.91,38.35,37.19,37.27,"13,172,000"
"Oct 8, 2020",37,37.83,36.96,37.34,"12,212,400"
"Oct 7, 2020",36.59,37.11,36.37,36.78,"13,782,100"
"Oct 6, 2020",37.17,37.37,36.04,36.26,"13,074,700"
"Oct 5, 2020",37.7,38,36.88,37.14,"13,093,100"
"Oct 2, 2020",36,37.99,35.94,37.72,"20,123,400"
"Oct 1, 2020",36.86,37.83,36.58,37.14,"19,187,500"
"Sep 30, 2020",35.28,36.5,35.28,36.48,"21,386,300"
"Sep 29, 2020",35.56,35.65,34.6,35.43,"16,488,700"
"Sep 28, 2020",35.8,36.63,35.26,35.56,"22,878,400"
"Sep 25, 2020",33.2,34.5,33.2,34.46,"10,736,300"
"Sep 24, 2020",33.66,34,32.89,33.35,"16,404,100"
"Sep 23, 2020",34.45,34.81,33.4,33.55,"15,796,900"
"Sep 22, 2020",36.53,36.55,34.1,34.4,"28,242,800"
"Sep 21, 2020",35.86,36.58,35.12,36.49,"19,100,800"
"Sep 18, 2020",37.15,37.56,36.39,37.12,"68,428,600"
"Sep 17, 2020",36.68,37.44,36.14,37.06,"23,534,800"
"Sep 16, 2020",37.39,38.52,37.39,37.66,"21,787,100"
"Sep 15, 2020",37.95,38.48,37.27,37.47,"23,532,600"
"Sep 14, 2020",37.1,38,37.08,37.95,"28,016,000"
"Sep 11, 2020",36.3,37.15,36.25,36.98,"27,130,900"
"Sep 10, 2020",35.2,36.78,35.19,35.98,"35,468,300"
"Sep 9, 2020",34.11,35.5,34.11,35.01,"22,803,500"
"Sep 8, 2020",32.36,35.1,32.16,34.32,"33,683,500"
"Sep 4, 2020",33.33,33.65,31.55,33.24,"17,480,600"
"Sep 3, 2020",34.08,34.74,32.95,33.41,"17,288,800"
"Sep 2, 2020",34.21,34.51,33.29,34.37,"16,552,700"
"Sep 1, 2020",33.45,34.51,33.15,34.3,"16,013,900"
"Aug 31, 2020",33.62,33.92,33.14,33.63,"14,980,600"
"Aug 28, 2020",33,33.94,32.82,33.8,"17,825,600"
"Aug 27, 2020",32.4,33.07,32.27,32.8,"21,306,500"
"Aug 26, 2020",31.01,32.71,30.95,32.3,"20,599,800"
"Aug 25, 2020",31.04,31.19,30.6,31.19,"10,056,800"
"Aug 24, 2020",30.97,31.3,30.37,31.04,"17,406,200"
"Aug 21, 2020",31.39,31.82,30.71,30.83,"20,217,000"
"Aug 20, 2020",29.13,31.7,28.48,31.41,"56,663,300"
"Aug 19, 2020",30.15,30.35,29.39,29.42,"14,050,300"
"Aug 18, 2020",29.5,30.46,29.41,30.08,"29,398,200"
"Aug 17, 2020",30.05,30.12,29.14,29.48,"18,544,700"
"Aug 14, 2020",30.4,30.49,29.82,29.99,"17,631,600"
"Aug 13, 2020",30.52,31.33,30.32,30.46,"21,976,800"
"Aug 12, 2020",31.46,32.22,30.69,30.84,"23,375,900"
"Aug 11, 2020",31.66,32.21,30.65,31.21,"31,569,900"
"Aug 10, 2020",33.04,33.18,31.51,32.27,"21,347,600"
"Aug 7, 2020",33.09,33.7,32.45,32.9,"39,071,200"
"Aug 6, 2020",33.27,34.79,33.21,34.71,"38,601,500"
"Aug 5, 2020",33.1,33.32,32.5,33.2,"16,987,800"
"Aug 4, 2020",31.17,32.85,31.17,32.68,"21,958,100"
"Aug 3, 2020",30.24,31.3,30.06,31.19,"17,078,900"
"Jul 31, 2020",30.4,30.42,29.78,30.26,"16,346,800"
"Jul 30, 2020",30.65,30.68,29.97,30.24,"13,062,900"
"Jul 29, 2020",30.92,31.26,30.77,31.02,"8,215,900"
"Jul 28, 2020",30.79,31.24,30.35,30.81,"12,977,100"
"Jul 27, 2020",31.21,31.6,30.75,30.99,"10,182,300"
"Jul 24, 2020",31.74,31.8,30.47,31.18,"16,896,100"
"Jul 23, 2020",32.33,33.02,31.98,32.17,"12,749,800"
"Jul 22, 2020",32.44,32.88,32.33,32.66,"12,128,400"
"Jul 21, 2020",34.16,34.23,32.53,32.55,"16,725,100"
"Jul 20, 2020",32.48,33.92,32.35,33.66,"16,213,600"
"Jul 17, 2020",32.58,32.82,31.85,32.55,"13,658,700"
"Jul 16, 2020",32.05,32.59,31.55,32.35,"11,090,800"
"Jul 15, 2020",32.1,32.97,31.68,32.81,"20,976,500"
"Jul 14, 2020",31.35,31.38,30.48,30.93,"21,781,800"
"Jul 13, 2020",33.21,33.6,31.66,31.72,"19,604,800"
"Jul 10, 2020",33.14,33.55,32.65,33.14,"13,586,300"
"Jul 9, 2020",34.24,34.46,32.26,33.15,"25,061,800"
"Jul 8, 2020",33.21,33.97,32.68,33.93,"24,602,400"
"Jul 7, 2020",32.46,33.56,32.39,32.82,"34,874,700"
"Jul 6, 2020",33.1,33.2,31.76,32.52,"42,392,200"
"Jul 2, 2020",31.02,31.57,30.51,30.68,"14,981,100"
"Jul 1, 2020",30.96,31.26,30.16,30.43,"13,611,500"
"Jun 30, 2020",30.83,31.25,30.13,31.08,"21,282,800"
"Jun 29, 2020",29.51,29.75,28.39,29.63,"20,795,400"
"Jun 26, 2020",30.44,30.44,29.21,29.61,"46,482,300"
"Jun 25, 2020",30,30.85,29.56,30.58,"19,142,800"
"Jun 24, 2020",32.75,32.93,30.45,30.46,"29,477,200"
"Jun 23, 2020",32.88,33.21,32.59,33.05,"13,622,100"
"Jun 22, 2020",32.43,32.85,31.43,32.68,"17,790,300"
"Jun 19, 2020",33.98,34.02,32.27,32.3,"29,426,300"
"Jun 18, 2020",33,33.44,32.8,33.4,"15,495,800"
"Jun 17, 2020",33.5,33.6,33.01,33.29,"14,827,700"
"Jun 16, 2020",34,34.17,32.43,33.49,"21,377,100"
"Jun 15, 2020",31.16,32.68,31.02,32.67,"21,350,300"
"Jun 12, 2020",32.73,32.74,31.04,32.24,"27,685,200"
"Jun 11, 2020",32.63,33.24,30.89,31.1,"45,298,700"
"Jun 10, 2020",36.69,36.8,34.26,34.83,"43,473,700"
"Jun 9, 2020",36.7,37.33,36.25,36.59,"15,127,300"
"Jun 8, 2020",37.87,37.9,36.09,37.08,"30,099,500"
"Jun 5, 2020",37.53,38.78,36.92,37.21,"30,393,400"
"Jun 4, 2020",36.42,37.3,36.28,36.43,"17,423,600"
"Jun 3, 2020",36.2,37.37,36.14,36.75,"23,051,800"
"Jun 2, 2020",36.16,36.42,35.26,35.81,"19,328,400"
"Jun 1, 2020",35.64,36.39,35.16,35.82,"21,893,800"
"May 29, 2020",34.18,36.45,34,36.32,"72,393,800"
"May 28, 2020",34.9,35.1,33.82,34.15,"21,951,900"
"May 27, 2020",34.42,35,33.1,34.88,"27,514,600"
"May 26, 2020",35.97,36,34.5,34.56,"23,483,200"
"May 22, 2020",34.15,34.93,33.57,34.83,"18,675,700"
"May 21, 2020",34.45,35.01,33.47,34.26,"24,075,300"
"May 20, 2020",34.12,34.77,33.82,34.48,"21,386,700"
"May 19, 2020",33.68,34,32.86,33.4,"20,223,600"
"May 18, 2020",33.7,36,32.99,33.62,"47,534,600"
"May 15, 2020",32.26,32.89,31.59,32.47,"25,950,000"
"May 14, 2020",32.53,33.04,31.24,32.79,"32,912,600"
"May 13, 2020",32.3,33.06,30.83,33.02,"47,279,500"
"May 12, 2020",31.42,34.45,30.41,32.4,"89,586,000"
"May 11, 2020",31.98,32.38,31.41,31.64,"26,439,200"
"May 8, 2020",32.59,33.3,31.64,32.79,"69,458,100"
"May 7, 2020",29.6,31.65,29.58,30.93,"62,229,500"
"May 6, 2020",27.5,28.06,26.81,27.82,"31,076,500"
"May 5, 2020",28.25,28.91,27.44,28.07,"30,725,400"
"May 4, 2020",27.56,28.07,26.58,27.42,"23,428,300"
"May 1, 2020",29.13,29.72,28.33,28.39,"19,290,200"
"Apr 30, 2020",30.5,31.05,29.75,30.27,"20,095,400"
"Apr 29, 2020",31,32,30.33,31.37,"28,288,100"
"Apr 28, 2020",31,31.83,29.36,30.12,"27,383,200"
"Apr 27, 2020",29.74,30.49,29.41,30.08,"31,705,800"
"Apr 24, 2020",28.51,29.59,28.14,29.49,"20,634,900"
"Apr 23, 2020",28.75,29.25,28.24,28.33,"26,992,400"
"Apr 22, 2020",27.97,28.56,27.51,28.24,"21,199,400"
"Apr 21, 2020",27.5,28.15,26.6,27.19,"20,969,100"
"Apr 20, 2020",27.07,28.76,26.9,28.19,"32,224,000"
"Apr 17, 2020",28.69,28.79,27.26,28,"34,129,800"
"Apr 16, 2020",27.21,28.05,26.46,27.03,"24,088,700"
"Apr 15, 2020",26.82,27.79,26.44,27.41,"18,720,900"
"Apr 14, 2020",28,28.77,27.01,27.75,"32,625,300"
"Apr 13, 2020",27.04,28.08,26.47,27.99,"24,671,600"
"Apr 9, 2020",27.88,28.89,26.46,27.11,"36,190,200"
"Apr 8, 2020",26,27.88,25.79,26.94,"36,166,900"
"Apr 7, 2020",27.95,28.11,25.5,25.74,"36,433,800"
"Apr 6, 2020",24.13,26.09,23.93,25.99,"34,692,600"
"Apr 3, 2020",23.73,23.79,21.67,22.82,"40,572,000"
"Apr 2, 2020",25.01,25.2,23,23.68,"35,838,200"
"Apr 1, 2020",26.5,26.77,24.81,25.42,"38,538,400"
"Mar 31, 2020",27.75,28.25,26.92,27.92,"43,126,400"
"Mar 30, 2020",26.33,28.39,25.31,27.83,"37,725,700"
"Mar 27, 2020",25.82,28.03,25.07,27.28,"40,292,200"
"Mar 26, 2020",26.6,28.44,25.78,28.12,"41,336,400"
"Mar 25, 2020",26.18,28.45,25.31,26.19,"52,473,900"
"Mar 24, 2020",24.41,26.84,23.59,26.39,"58,505,000"
"Mar 23, 2020",21.07,22.73,19.73,22.4,"47,787,100"
"Mar 20, 2020",22.53,23.89,20.61,21.33,"76,529,700"
"Mar 19, 2020",15.96,21.26,15.7,20.49,"83,988,700"
"Mar 18, 2020",17.76,17.8,13.71,14.82,"78,286,200"
"Mar 17, 2020",20.18,20.31,18.01,18.91,"60,003,900"
"Mar 16, 2020",20.15,21.49,19.1,20.29,"56,914,000"
"Mar 13, 2020",24.01,24.81,21.13,22.6,"53,844,400"
"Mar 12, 2020",23.26,24.69,22.11,22.61,"54,042,000"
"Mar 11, 2020",27.91,28.14,25.61,26.24,"43,067,800"
"Mar 10, 2020",29.47,29.86,27,28.97,"36,308,300"
"Mar 9, 2020",28.5,30.32,28.15,28.17,"37,439,200"
"Mar 6, 2020",31.23,32.41,30.45,31.68,"34,808,700"
"Mar 5, 2020",33.47,33.57,31.97,32.21,"32,764,500"
"Mar 4, 2020",33.93,35.34,32.28,34.53,"44,738,600"
"Mar 3, 2020",34.02,34.18,31.9,33.04,"35,182,400"
"Mar 2, 2020",34.05,34.08,31.74,32.85,"46,662,000"
"Feb 28, 2020",31.81,34.29,31,33.87,"52,049,300"
"Feb 27, 2020",32.03,34.16,30.67,32.45,"66,557,200"
"Feb 26, 2020",35.53,36.17,33.89,34.45,"44,051,400"
"Feb 25, 2020",38.9,39.15,35.5,35.89,"49,281,600"
"Feb 24, 2020",38.21,39.14,37.75,38.31,"37,123,200"
"Feb 21, 2020",40.89,40.89,40.05,40.72,"20,595,500"
"Feb 20, 2020",41,41.19,39.85,40.92,"25,446,400"
"Feb 19, 2020",40.42,41.23,40.12,41.05,"23,287,300"
"Feb 18, 2020",39.49,40.27,39.45,40.18,"22,149,300"
"Feb 14, 2020",40.02,40.31,38.7,39.66,"32,014,200"
"Feb 13, 2020",40.93,41.55,40,40.09,"23,850,900"
"Feb 12, 2020",41.5,41.86,41.06,41.25,"26,444,900"
"Feb 11, 2020",40.25,41.47,40.05,41.27,"33,896,000"
"Feb 10, 2020",40.65,41.34,39.96,40.01,"60,840,800"
"Feb 7, 2020",39.98,41,38.86,40.63,"112,325,800"
"Feb 6, 2020",37.3,37.39,36.73,37.09,"52,699,300"
"Feb 5, 2020",38.89,38.97,36.74,36.81,"38,413,300"
"Feb 4, 2020",37.87,38.99,37.26,38.53,"32,425,900"
"Feb 3, 2020",36.75,37.64,36.53,37.59,"23,494,600"
"Jan 31, 2020",37,37.04,35.69,36.29,"21,553,700"
"Jan 30, 2020",36.82,37.13,35.95,36.68,"22,847,000"
"Jan 29, 2020",36.98,37.56,36.8,36.99,"16,863,000"
"Jan 28, 2020",37.14,37.33,36.04,37.01,"28,974,000"
"Jan 27, 2020",35.23,36.65,34.19,36.3,"18,818,000"
"Jan 24, 2020",37.5,37.67,36.25,36.8,"21,598,000"
"Jan 23, 2020",36.97,37.95,36.72,37.4,"21,366,000"
"Jan 22, 2020",37.94,37.94,36.92,37.04,"29,765,200"
"Jan 21, 2020",35.5,37.8,35.41,37.6,"48,746,700"
"Jan 17, 2020",34.97,35.25,34.65,35.13,"17,251,200"
"Jan 16, 2020",35.03,35.06,34.18,34.68,"21,947,800"
"Jan 15, 2020",34.9,35.15,34.51,35.01,"20,762,200"
"Jan 14, 2020",34.2,35.02,33.92,34.84,"26,019,000"
"Jan 13, 2020",34.29,34.34,33.55,34.14,"16,915,800"
"Jan 10, 2020",34.08,34.99,33.83,34.01,"34,266,400"
"Jan 9, 2020",34.45,34.47,33.22,33.97,"29,385,500"
"Jan 8, 2020",32.73,34.52,32.46,33.93,"43,944,400"
"Jan 7, 2020",31.79,32.84,31.36,32.81,"30,119,600"
"Jan 6, 2020",31.01,32.06,31,31.58,"21,204,700"
"Jan 3, 2020",30.62,31.43,30.48,31.37,"18,822,700"
"Jan 2, 2020",29.94,31,29.79,30.99,"20,578,900"
"Dec 31, 2019",29.11,29.95,28.9,29.74,"16,228,400"
"Dec 30, 2019",30.13,30.2,29.35,29.74,"18,805,900"
"Dec 27, 2019",30.8,31.06,30.17,30.17,"18,462,200"
"Dec 26, 2019",30.47,30.79,30.03,30.67,"22,200,800"
"Dec 24, 2019",30.33,30.84,30.11,30.44,"12,938,600"
"Dec 23, 2019",30.49,30.94,29.83,30.33,"31,209,100"
"Dec 20, 2019",30.1,31.03,29.85,30.45,"95,455,100"
"Dec 19, 2019",29.84,30.17,29.53,29.99,"33,799,700"
"Dec 18, 2019",29.62,30.14,29.34,30.13,"35,375,100"
"Dec 17, 2019",30.37,30.42,29.53,29.75,"38,250,700"
"Dec 16, 2019",29.11,30.13,29.1,30.05,"57,382,500"
"Dec 13, 2019",28.58,28.84,28.27,28.49,"25,431,600"
"Dec 12, 2019",28.29,28.75,28.19,28.69,"23,569,900"
"Dec 11, 2019",27.99,28.55,27.85,28.42,"23,281,700"
"Dec 10, 2019",27.73,27.99,27.6,27.89,"23,602,700"
"Dec 9, 2019",27.96,28.36,27.68,27.68,"20,977,300"
"Dec 6, 2019",28.4,28.92,27.8,27.86,"32,816,100"
"Dec 5, 2019",28.94,28.99,28.18,28.65,"22,504,300"
"Dec 4, 2019",29.1,29.2,28.7,29.06,"22,517,600"
"Dec 3, 2019",28.2,29.33,28.15,29.02,"25,252,400"
"Dec 2, 2019",29.32,29.52,28.7,28.98,"16,927,100"
"Nov 29, 2019",29.41,29.85,29.25,29.6,"8,115,100"
"Nov 27, 2019",29.42,29.59,28.88,29.49,"22,421,400"
"Nov 26, 2019",29.49,30.15,29.36,29.53,"28,746,600"
"Nov 25, 2019",28.69,29.6,28.38,29.11,"36,967,500"
"Nov 22, 2019",29.84,30.13,29.21,29.56,"42,302,900"
"Nov 21, 2019",28.67,29.6,28.5,29.46,"54,551,400"
"Nov 20, 2019",27.06,28.4,26.94,28.03,"52,746,600"
"Nov 19, 2019",26.77,27.22,26.61,27.05,"31,793,500"
"Nov 18, 2019",26.8,27,26.3,26.75,"35,916,100"
"Nov 15, 2019",26.18,26.8,25.95,26.79,"41,236,200"
"Nov 14, 2019",26.8,26.86,25.67,25.99,"27,893,900"
"Nov 13, 2019",26.47,26.82,26.14,26.71,"32,678,300"
"Nov 12, 2019",27.38,27.66,26.66,26.7,"37,095,400"
"Nov 11, 2019",27.03,27.21,26.23,27.14,"41,138,100"
"Nov 8, 2019",27.48,27.62,26.92,27.01,"44,923,600"
"Nov 7, 2019",26.8,27.42,26.45,27.38,"65,861,400"
"Nov 6, 2019",26.06,27.55,25.58,26.94,"130,965,700"
"Nov 5, 2019",29.13,29.3,27.97,28.02,"51,963,500"
"Nov 4, 2019",31.45,31.75,30.12,31.08,"28,787,400"
"Nov 1, 2019",31.45,31.7,30.74,31.37,"10,434,300"
"Oct 31, 2019",33.23,33.36,31.26,31.5,"15,912,400"
"Oct 30, 2019",32.51,33.8,32.11,33.75,"10,732,700"
"Oct 29, 2019",32.37,32.92,31.82,32.42,"9,319,200"
"Oct 28, 2019",32.9,33.35,32.5,33.22,"7,532,800"
"Oct 25, 2019",33.2,33.48,32.61,32.71,"8,077,300"
"Oct 24, 2019",33,33.42,32.51,33.28,"6,729,300"
"Oct 23, 2019",32.87,33.27,32.17,33.05,"6,709,800"
"Oct 22, 2019",31.41,33.89,30.22,32.53,"19,214,800"
"Oct 21, 2019",31.95,32.28,31.18,31.41,"7,203,400"
"Oct 18, 2019",32.55,32.66,31.27,32.06,"7,844,500"
"Oct 17, 2019",31.8,32.93,31.45,32.62,"7,200,800"
"Oct 16, 2019",31.8,32.38,31.44,31.87,"7,781,600"
"Oct 15, 2019",31.2,32.17,31.19,32,"7,843,800"
"Oct 14, 2019",30.22,31.54,29.82,31.12,"7,945,400"
"Oct 11, 2019",28.95,30.4,28.94,30.13,"10,216,900"
"Oct 10, 2019",29.21,29.28,28.58,28.87,"7,716,300"
"Oct 9, 2019",29.62,29.62,28.81,29.07,"7,112,900"
"Oct 8, 2019",30.01,30.15,29.17,29.28,"7,769,100"
"Oct 7, 2019",30.6,30.75,29.83,30.37,"10,083,800"
"Oct 4, 2019",29.9,30.18,28.9,29.67,"8,597,700"
"Oct 3, 2019",28.97,29.88,28.52,29.72,"9,412,000"
"Oct 2, 2019",28.67,29.55,28.31,29,"8,782,400"
"Oct 1, 2019",30.37,30.51,28.65,29.15,"13,380,200"
"Sep 30, 2019",30.4,30.74,30.17,30.47,"4,986,600"
"Sep 27, 2019",31.71,31.9,30.13,30.29,"11,846,700"
"Sep 26, 2019",31.72,32.13,31.13,31.57,"6,058,700"
"Sep 25, 2019",31.27,31.72,30.76,31.68,"7,875,000"
"Sep 24, 2019",33,33.15,31.01,31.3,"10,579,900"
"Sep 23, 2019",32.52,33.01,32.06,33,"5,513,000"
"Sep 20, 2019",33.98,34.22,32.5,32.6,"11,935,400"
"Sep 19, 2019",34.2,34.64,33.68,33.82,"6,869,600"
"Sep 18, 2019",34.35,34.89,33.75,34.26,"6,608,300"
"Sep 17, 2019",34.75,34.75,33.55,34.29,"5,561,300"
"Sep 16, 2019",33.6,34.8,33.47,34.43,"7,942,600"
"Sep 13, 2019",34.25,34.44,32.94,33.25,"9,428,600"
"Sep 12, 2019",34.14,34.49,33.33,34.07,"7,734,800"
"Sep 11, 2019",33.38,35.14,33.02,34,"14,715,800"
"Sep 10, 2019",32,33.74,31.65,33.51,"10,817,100"
"Sep 9, 2019",32.05,32.39,31.46,32.24,"7,448,400"
"Sep 6, 2019",32.71,32.74,31.41,31.86,"7,036,000"
"Sep 5, 2019",32.33,33.03,32.25,32.51,"7,933,300"
"Sep 4, 2019",30.91,32.36,30.85,31.99,"10,357,600"
"Sep 3, 2019",32.1,32.53,30.67,30.7,"12,154,000"
"Aug 30, 2019",33,33.13,32.04,32.57,"6,628,700"
"Aug 29, 2019",32.9,33.3,32.6,32.76,"5,772,200"
"Aug 28, 2019",32.56,33.05,32.26,32.59,"6,245,500"
"Aug 27, 2019",33.69,34.24,32.98,33.11,"6,574,800"
"Aug 26, 2019",33.67,33.83,33.06,33.31,"5,662,500"
"Aug 23, 2019",33.65,34.23,33.12,33.43,"8,160,600"
"Aug 22, 2019",34.8,34.91,33.52,34,"8,513,300"
"Aug 21, 2019",35.5,35.83,34.75,34.91,"7,923,000"
"Aug 20, 2019",34.48,36.07,34.39,35.29,"10,760,700"
"Aug 19, 2019",35.53,35.8,34.37,34.61,"10,853,100"
"Aug 16, 2019",33.46,35.48,33.4,35.23,"13,883,200"
"Aug 15, 2019",34.52,34.55,32.92,33.22,"13,265,800"
"Aug 14, 2019",36,36.3,33.36,33.96,"24,481,600"
"Aug 13, 2019",37,37.46,36.12,36.45,"18,990,600"
"Aug 12, 2019",39.83,39.95,37,37,"21,231,300"
"Aug 9, 2019",39.56,40.68,38.71,40.05,"35,138,800"
"Aug 8, 2019",41.98,43,41.25,42.97,"29,610,500"
"Aug 7, 2019",39.06,39.99,38.32,39.7,"8,896,000"
"Aug 6, 2019",39.68,40.81,38.36,39.15,"8,570,300"
"Aug 5, 2019",39.35,39.42,38.43,39.05,"9,799,300"
"Aug 2, 2019",41.03,41.06,39.95,40.4,"8,225,700"
"Aug 1, 2019",42.14,42.54,41,41.31,"7,349,700"
"Jul 31, 2019",42.6,42.98,41.84,42.14,"5,970,800"
"Jul 30, 2019",43.71,43.74,42.49,42.59,"7,686,300"
"Jul 29, 2019",45,45.63,43.12,43.88,"8,652,200"
"Jul 26, 2019",43.42,44.96,43.39,44.52,"7,598,800"
"Jul 25, 2019",43.72,43.96,43.21,43.4,"4,412,000"
"Jul 24, 2019",43.36,43.87,43.36,43.76,"3,775,700"
"Jul 23, 2019",43.75,44.31,43.11,43.36,"5,110,100"
"Jul 22, 2019",43.25,43.72,43.01,43.69,"3,815,300"
"Jul 19, 2019",43.9,44.09,43.16,43.18,"4,021,000"
"Jul 18, 2019",43.5,43.85,43.19,43.71,"4,078,700"
"Jul 17, 2019",44.06,44.35,43.52,43.62,"5,854,100"
"Jul 16, 2019",44.6,44.98,44.02,44.13,"5,613,300"
"Jul 15, 2019",44.2,44.7,43.97,44.53,"5,811,200"
"Jul 12, 2019",44.16,44.24,43.39,43.99,"8,760,500"
"Jul 11, 2019",44.1,44.29,43.31,43.99,"8,050,900"
"Jul 10, 2019",44.48,44.8,43.56,43.7,"9,746,500"
"Jul 9, 2019",43.18,44.23,42.98,44.2,"5,251,600"
"Jul 8, 2019",43.59,43.85,42.75,42.95,"9,304,100"
"Jul 5, 2019",44.31,44.55,43.01,43.53,"8,239,500"
"Jul 3, 2019",44,44.46,43.79,44.23,"3,380,000"
"Jul 2, 2019",44.55,44.68,43.75,44,"11,881,300"
"Jul 1, 2019",46.98,47.04,44.06,44.27,"17,660,500"
"Jun 28, 2019",45.1,47.08,45.08,46.38,"28,657,000"
"Jun 27, 2019",43.35,45.3,43.2,45.13,"20,155,100"
"Jun 26, 2019",43.25,43.4,42.36,42.5,"8,109,100"
"Jun 25, 2019",43.28,43.79,42.44,43.09,"5,753,300"
"Jun 24, 2019",44,44.07,42.82,43.09,"5,985,100"
"Jun 21, 2019",43.85,44.14,43.38,44,"4,974,000"
"Jun 20, 2019",45.03,45.29,43.51,43.86,"9,567,400"
"Jun 19, 2019",44.46,45.5,43.95,44.86,"10,331,500"
"Jun 18, 2019",44.3,44.89,43.75,43.86,"7,313,600"
"Jun 17, 2019",43.28,44.08,42.93,43.78,"6,557,600"
"Jun 14, 2019",44.75,44.8,43.11,43.23,"7,902,200"
"Jun 13, 2019",43.05,44.35,42.8,44.31,"10,178,900"
"Jun 12, 2019",42.52,42.65,41.71,42.17,"5,965,300"
"Jun 11, 2019",43.22,43.65,41.8,42.45,"9,095,000"
"Jun 10, 2019",44.02,44.59,42.53,42.61,"11,618,700"
"Jun 7, 2019",44.92,45.67,44.13,44.16,"12,654,700"
"Jun 6, 2019",45,45.75,44.28,44.92,"16,403,700"
"Jun 5, 2019",42.87,45.66,42.5,45,"28,609,600"
"Jun 4, 2019",42.56,42.88,40.7,42.75,"23,432,100"
"Jun 3, 2019",40.74,41.85,40.24,41.25,"16,605,300"
"May 31, 2019",41.15,41.57,39.41,40.41,"23,209,800"
"May 30, 2019",40.07,40.38,39.5,39.8,"26,451,900"
"May 29, 2019",40.52,40.71,39.15,39.94,"14,060,400"
"May 28, 2019",41.7,41.8,40.6,40.95,"13,391,600"
"May 24, 2019",41.28,41.51,40.5,41.51,"8,786,800"
"May 23, 2019",40.8,41.09,40.02,40.47,"11,119,900"
"May 22, 2019",41.05,41.28,40.5,41.25,"9,089,500"
"May 21, 2019",42,42.24,41.25,41.5,"10,802,900"
"May 20, 2019",41.19,41.68,39.46,41.59,"29,222,300"
"May 17, 2019",41.98,43.29,41.27,41.91,"20,225,700"
"May 16, 2019",41.48,44.06,41.25,43,"38,115,500"
"May 15, 2019",39.37,41.88,38.95,41.29,"36,086,100"
"May 14, 2019",38.31,39.96,36.85,39.96,"46,661,100"
"May 13, 2019",38.79,39.24,36.08,37.1,"79,442,400"
"May 10, 2019",42,45,41.06,41.57,"186,322,500"